Workbook

Sheet Parameters
A1: SR | B1: Description | C1: Parameter | D1: Unit | E1: Reference | F1: Digitalization Status | G1: Option (High Tech/Low Tech) | H1: Required at Validation | I1: Required at Monitoring
A2: 1 | B2: GHG emissions removals at production stage in year y (tCO2e) | C2: ERPS,y | D2: tCO2e | E2: Equation 1 | F2: Output - See appendix | G2: Option 1 and Option 2
A3: 2 | B3: Organic carbon content on a dry weight basis for biochar type t used for application type k in year y (tonnes) | C3: CCt,k,y | D3: tonnes | E3: Equation 1 | F3: Output - See appendix | G3: Option 1 and Option 2
A4: 4 | B4: Coefficient to convert organic carbon to tCO2e | C4: =44/12 -> 3.6666667 | D4: value | E4: Equation 1
A5: 38 | B5: Baseline emissions at application stage | C5: BEAS,y | D5: tCO2e | E5: Not in VM0044 | F5: Can be added in Baseline Emissions | G5: Option 1 and Option 2
A6: 36 | B6: Baseline emissions due to the combustion of waste biomass in year y | C6: BEC,y | D6: tCO2e | E6: Not in VM0044 | F6: Can be added in Baseline Emissions | G6: Option 1 and Option 2
B7: Baseline emissions at sourcing stage in year y | C7: BESS,y | D7: tCO2e
A8: 35 | B8: Baseline emissions due to the decomposition of waste biomass in year y | C8: BED,y | D8: tCO2e | E8: Not in VM0044 | F8: Can be added in Baseline Emissions | G8: Option 1 and Option 2
A9: 6 | B9: Organic carbon content of biochar type t produced in production facility p per tonne of biochar, taken on a dry weight basis (percent) | C9: FCp,t,p | D9: Percent | E9: Equation 2 | F9: Unit correction needed: parameter description under equation 2 in VM0044 shows unit as percent, however, this is aded as proportion in calculation engine for accurate calculations. Calculation engine needs update | G9: Option 1 and Option 2 | H9: Yes | I9: Yes
A10: 9 | B10: Emissions associated with the pre-treatment of waste biomass at production facility p in year y (tCO2e) | C10: PED,p,y | D10: tCO2e | E10: Equation 3 | F10: Output - See appendix | G10: Option 1 and Option 2
A11: 17 | B11: Average methane emissions from producing one tonne of biochar in year y (tCH4/tonne). | C11: Fe | E11: Equation 9 | F11: Done | G11: Low Tech Facilities | H11: Yes
A12: 11 | B12: Emissions due to the utilization of auxiliary energy for the purpose of pyrolysis at production facility p in year y (tCO2e) | C12: PEC,p,y | D12: tCO2e | E12: Equation 3 | F12: Output - See appendix | G12: Option 1 and Option 2
A13: 18 | B13: Global warming potential of methane. | C13: GWPCH4 | E13: Equation 9 | F13: Missing: It might already be incorporated in calculation/formulas | G13: Low Tech Facilities | H13: Yes
A14: 41 | B14: Ratio of hydrogen to organic carbon | C14: H:Corg | G14: Option 1 and Option 2 | I14: Yes
A15: 26 | B15: Leakage due to activity shift in year y (tCO2e). Leakage due to activity shift is zero as use of purposely grown biomass for production of biochar is currently not allowed. | C15: LEas,y | D15: tCO2e | E15: Equation 13 | F15: Done | G15: Option 1 and Option 2
A16: 27 | B16: Leakage due to biomass diversion in year y (tCO2e). Leakage due to biomass (waste/residue) diversion is considered negligible since only biomass which would have been combusted or left to decay is utilized for biochar production. | C16: LEbd,y | D16: tCO2e | E16: Equation 13 | F16: Done | G16: Option 1 and Option 2
A17: 29 | B17: Leakage emissions from transportation of biochar from the production facility to the site of end application in year y (tCO2e). | C17: LEtap,y | D17: tCO2e | E17: TOOL12 | F17: Done | G17: Option 1 and Option 2
A18: 28 | B18: Leakage emissions from transportation of waste biomass from sourcing to biochar production facility in year y (tCO2e). As per CDM Tool 16: Project and leakage emissions from biomass, GHG emissions must be accounted for only if transportation distance is more than 200 km. Project proponent must use CDM Tool 12: Project and leakage emissions from transportation of freight to calculate LEts,y | C18: LEts,y | D18: tCO2e | E18: TOOL12 | F18: Done | G18: Option 1 and Option 2
A19: 12 | B19: Total mass of biochar on a dry weight basis produced in production facility p in year y (tonnes) | C19: Mp,y | D19: tonnes | E19: Equation 3 | F19: Done | G19: Option 1 and Option 2 | I19: Yes
A20: 5 | B20: Mass on a dry weight basis of biochar type t for application type k produced at the production facility p in year y (tonnes) | C20: Mt,k,p,y | D20: tonnes | E20: Equation 2 | F20: Done | G20: Option 1 and Option 2 | I20: Yes
A21: 20 | B21: Emissions from processing of biochar type t for application type k in year y (tCO2e) | C21: EP,t,k,y | D21: tCO2e | E21: Equation 11 | F21: Done | G21: Option 1 and Option 2
A22: 21 | B22: Emissions from utilization of biochar type t for application type k in year y (tCO2e) | C22: Eap,t,k,y | D22: tCO2e | E22: Equation 11 | F22: Done | G22: Option 1 and Option 2
A23: 22 | B23: Emissions from processing of biochar for application type k in year y (tCO2e) | C23: EP,k,y | D23: tCO2e | E23: Equation 12 | F23: Output - See appendix | G23: Option 1 and Option 2
A24: 19 | B24: GHG emissions at application stage in year y (tCO2e) | C24: PEAS,y | D24: tCO2e | E24: Equations 11, 15 | F24: ERAS,y in appendix should actually be PEAS,y | G24: Option 1 and Option 2
A25: 15 | B25: Emissions associated with use of grid-connected electricity utilized for starting the reactor at production facility p in year y (tCO2e). | C25: PECE,p,y | D25: tCO2e | E25: TOOL05 | F25: Done | G25: Option 1 and Option 2
A26: 25 | B26: Total leakage emissions in year y (tCO2e) | C26: LEy | D26: tCO2e | E26: Equation 13 | F26: Output - See appendix | G26: Option 1 and Option 2
A27: 16 | B27: Emissions associated with combustion of fossil fuels utilized for starting the reactor at production facility p in year y (tCO2e) | C27: PECF,p,y | D27: tCO2e | E27: TOOL03 | F27: Done | G27: Option 1 and Option 2
A28: 13 | B28: Emissions associated with use of grid-connected electricity utilized for pre_x0002_treatment of waste biomass at production facility p in year y (tCO2e) | C28: PEDE,p,y | D28: tCO2e | E28: TOOL05 | F28: Done | G28: Option 1 and Option 2
A29: 14 | B29: Emissions associated with combustion of fossil fuels utilized for pre-treatment of waste biomass at production facility p in year y (tCO2e). | C29: PEDF,p,y | D29: tCO2e | E29: TOOL03 | F29: Done | G29: Option 1 and Option 2
A30: 10 | B30: Emissions associated with the conversion of waste biomass into biochar at production facility p in year y (tCO2e) | C30: PEP,p,y | D30: tCO2e | E30: Equation 3, 7, and 9 | F30: Missing | G30: Option 1 and Option 2
A31: 30 | B31: GHG emission reductions at sourcing stage in year y (tCO2e) | C31: ERSS,y | D31: tCO2e | E31: Equation 14 | F31: Output - See appendix | G31: Option 1 and Option 2
A32: 31 | B32: Baseline emissions at sourcing stage in year y; conservatively assumed default value of zero (tCO2e) | C32: BESS,y | D32: tCO2e | E32: Equation 14 | F32: Can be added in Baseline Emissions | G32: Option 1 and Option 2
... A36: 8 | B36: Project emissions at the production stage for production of biochar at production facility p in year y (tCO2e) | C36: PEPS,p,y | D36: tCO2e | E36: Equation 3 | F36: Output - See appendix | G36: Option 1 and Option 2
A37: 39 | B37: Project emissions at the production stage for production of biochar type t at production facility p in year y (tCO2e) | C37: PEPS,t,p,y | D37: tCO2e | E37: Equation 1 | G37: Option 1 and Option 2
A38: 32 | B38: Project emissions at sourcing stage in year y, conservatively assumed to be zero (waste biogenic source material is considered as renewable biomass) (tCO2e) | C38: PESS,y | D38: tCO2e | E38: Equation 14 | F38: Missing | G38: Option 1 and Option 2
A39: 7 | B39: Permanence adjustment factor due to decay of biochar per application type k (dimensionless) | C39: PRde,k | D39: value | E39: Equation 2 | F39: Done | G39: Option 1 and Option 2 | H39: Yes
A40: 40 | B40: Average annual production temperature during pyrolysis | C40: Tprod | D40: C | G40: Option 1 and Option 2 | I40: Yes
A41: 42 | B41: Fraction of total waste heat utilized at biochar production facility p | C41: WSp | G41: High Tech Facilities | I41: Yes
B42: the quantity of fuel type i combusted in process j during the year y (mass or volume unit/yr) | C42: FCi,j,y | D42: mass or volume unit/year | E42: TOOL03
B43: the CO2 emission coefficient of fuel type i in year y (tCO2/mass or volume unit) | C43: COEFi,y | D43: tCO2/mass or volume unit | E43: TOOL03
B44: Fuel types | C44: i | E44: TOOL03

Sheet ER Calc (by Waqar) 
F7: Option P. 1: High Technology Production Facility (Production Stage Emissions)
F9: Biochar Type | G9: Year | H9: Application Type | I9: Production Facility | J9: Molar mass of CO2 | K9: Molar mass of C | U9: Equation 2 | X9: Equation 4 | Y9: PEP,p,y = 0 | AB9: Equation 5 | AC9: Equation 3 | AD9: Equation 1 | AG9: Equation 12 | AI9: Equation 11 | AN9: Equation 13 | AO9: Equation 14 | AP9: Equation 15
F10: t | G10: y | H10: k | I10: p | L10: BEAS,y | M10: PESS,y | N10: BEC,y | O10: BED,y | P10: BESS,y | Q10: Mt,k,p,y | R10: Mp,y | S10: FCp,t,p | T10: PRde,k | U10: CCt,k,y | V10: PEDE,p,y | W10: PEDF,p,y | X10: PED,p,y | Y10: PEP,p,y | Z10: PECE,p,y | AA10: PECF,p,y | AB10: PEC,p,y | AC10: PEPS,t,p,y | AD10: ERPS,y | AE10: PEPF,k,y | AF10: PEPE,k,y | AG10: EP,t,k,y | AH10: Eap,t,k,y | AI10: PEAS,y | AJ10: LEas,y | AK10: LEbd,y | AL10: LEts,y | AM10: LEtap,y | AN10: LEy | AO10: ERSS,y | AP10: ERy
F12: Bamboo Pruning | G12: 1 | H12: Soil | I12: a | J12: 44 | K12: 12 | P12: =N12+O12 -> 0 | Q12: =2*5000 -> 10000 | R12: =Q12 -> 10000 | S12: 0.77 | T12: 0.89 | U12: =(Q12*S12*T12) -> 6853 | X12: =V12+W12 -> 0 | Y12: 0 | AB12: =Z12+AA12 -> 0 | AC12: =(X12+Y12+AB12)*(Q12/R12) -> 0 | AD12: =(U12*J12/K12)-AC12 -> 25127.667 | AG12: =AF12+AE12 -> 0 | AI12: =(AG12+AH12) -> 0 | AN12: =AJ12+AK12+AL12+AM12 -> 0 | AO12: =P11-M11 -> 0 | AP12: =AO12+AD12-AI12-AN12 -> 25127.667
F13: Paddy Straw | G13: 1 | H13: Soil | I13: a | J13: 44 | K13: 12 | P13: =N13+O13 -> 0 | Q13: =9.5*5000 -> 47500 | R13: =Q13 -> 47500 | S13: 0.49 | T13: 0.89 | U13: =(Q13*S13*T13) -> 20714.75 | X13: =V13+W13 -> 0 | Y13: 0 | AB13: =Z13+AA13 -> 0 | AC13: =(X13+Y13+AB13)*(Q13/R13) -> 0 | AD13: =(U13*J13/K13)-AC13 -> 75954.083 | AG13: =AF13+AE13 -> 0 | AI13: =(AG13+AH13) -> 0 | AN13: =AJ13+AK13+AL13+AM13 -> 0 | AO13: =P12-M12 -> 0 | AP13: =AO13+AD13-AI13-AN13 -> 75954.083
F14: Tree Pruning | G14: 1 | H14: Soil | I14: a | J14: 44 | K14: 12 | P14: =N14+O14 -> 0 | Q14: =1*5000 -> 5000 | R14: =Q14 -> 5000 | S14: 0.77 | T14: 0.89 | U14: =(Q14*S14*T14) -> 3426.5 | X14: =V14+W14 -> 0 | Y14: 0 | AB14: =Z14+AA14 -> 0 | AC14: =(X14+Y14+AB14)*(Q14/R14) -> 0 | AD14: =(U14*J14/K14)-AC14 -> 12563.833 | AG14: =AF14+AE14 -> 0 | AI14: =(AG14+AH14) -> 0 | AN14: =AJ14+AK14+AL14+AM14 -> 0 | AO14: =P13-M13 -> 0 | AP14: =AO14+AD14-AI14-AN14 -> 12563.833
R15: =SUM(Q12:Q14) -> 62500
F16: Paddy Straw | G16: 2 | H16: Soil | I16: a | J16: 44 | K16: 12 | P16: =N16+O16 -> 0 | Q16: =9.5*5000 -> 47500 | R16: =Q16 -> 47500 | S16: 0.49 | T16: 0.89 | U16: =(Q16*S16*T16) -> 20714.75 | X16: =V16+W16 -> 0 | Y16: 0 | AB16: =Z16+AA16 -> 0 | AC16: =(X16+Y16+AB16)*(Q16/R16) -> 0 | AD16: =(U16*J16/K16)-AC16 -> 75954.083 | AG16: =AF16+AE16 -> 0 | AI16: =(AG16+AH16) -> 0 | AN16: =AJ16+AK16+AL16+AM16 -> 0 | AO16: =P12-M12 -> 0 | AP16: =AO16+AD16-AI16-AN16 -> 75954.083
F17: Tree Pruning | G17: 2 | H17: Soil | I17: a | J17: 44 | K17: 12 | P17: =N17+O17 -> 0 | Q17: =1*5000 -> 5000 | R17: =Q17 -> 5000 | S17: 0.77 | T17: 0.89 | U17: =(Q17*S17*T17) -> 3426.5 | X17: =V17+W17 -> 0 | Y17: 0 | AB17: =Z17+AA17 -> 0 | AC17: =(X17+Y17+AB17)*(Q17/R17) -> 0 | AD17: =(U17*J17/K17)-AC17 -> 12563.833 | AG17: =AF17+AE17 -> 0 | AI17: =(AG17+AH17) -> 0 | AN17: =AJ17+AK17+AL17+AM17 -> 0 | AO17: =P16-M16 -> 0 | AP17: =AO17+AD17-AI17-AN17 -> 12563.833
F18: Bamboo Pruning | G18: 2 | H18: Soil | I18: a | J18: 44 | K18: 12 | P18: =N18+O18 -> 0 | Q18: =2*5000 -> 10000 | R18: =Q18 -> 10000 | S18: 0.77 | T18: 0.89 | U18: =(Q18*S18*T18) -> 6853 | X18: =V18+W18 -> 0 | Y18: 0 | AB18: =Z18+AA18 -> 0 | AC18: =(X18+Y18+AB18)*(Q18/R18) -> 0 | AD18: =(U18*J18/K18)-AC18 -> 25127.667 | AG18: =AF18+AE18 -> 0 | AI18: =(AG18+AH18) -> 0 | AN18: =AJ18+AK18+AL18+AM18 -> 0 | AO18: =P17-M17 -> 0 | AP18: =AO18+AD18-AI18-AN18 -> 25127.667
R19: =SUM(Q16:Q18) -> 62500
F20: Project hub: https://projecthub-uat.verra.org/project-description/1507 | AP20: =SUM(AP12:AP18) -> 227291.17
A28: Project ID | B28: NA
A29: Source | B29: ER calcs by Karina
A30: Tech tea, contact | B30: Waqar Ashiq | F30: Option P. 2: Low Technology Production Facility
A31: Test Date | B31: 45478
A32: Project Hub | B32: https://projecthub-uat.verra.org/project-description/1435
A33: Feedback | B33: Internal Testing and Feedback _ VM0044.xlsx | F33: Biochar Type | G33: Year | H33: Application Type | I33: Production Facility | J33: Kiln Type | K33: Molar mass of CO2 | L33: Molar mass of C | X33: Equation 8 | Y33: Equation 9 | Z33: Equation 10 | AE33: Equation 6 | AF33: Equation 7 | AG33: Equation 1 | AJ33: Equation 12 | AL33: Equation 11 | AQ33: Equation 13 | AR33: Equation 14 | AS33: Equation 15
F34: t | G34: y | H34: k | I34: p | M34: BEAS,y | N34: PESS,y | O34: BEC,y | P34: BED,y | Q34: BESS,y | R34: Fe | S34: GWPCH4 | T34: PECF,p,y | U34: PECE,p,y | V34: PEDF,p,y | W34: PEDE,p,y | X34: PED,p,y | Y34: PEP,p,y | Z34: PEC,p,y | AA34: Mt,k,p,y | AB34: Mp,y | AC34: FCp,t,p | AD34: PRde,k | AE34: CCt,k,y | AF34: PEPS,t, p,y | AG34: ERPS,y | AH34: PEPF,k,y | AI34: PEPE,k,y | AJ34: EP,t,k,y | AK34: Eap,t,k,y | AL34: PEAS,y | AM34: LEas,y | AN34: LEbd,y | AO34: LEts,y | AP34: LEtap,y | AQ34: LEy | AR34: ERSS,y | AS34: ERy
F35: Paddy Straw | G35: 1 | H35: Soil | I35: a | J35: a | K35: 44 | L35: 12 | Q35: =O35+P35 -> 0 | R35: 0.049 | S35: 28 | T35: 0 | X35: =W35+V35 -> 0 | Y35: =(R35*S35*AA35) -> 65170 | Z35: =U35+T35 -> 0 | AA35: =9.5*5000 -> 47500 | AB35: =AA35 -> 47500 | AC35: 0.49 | AD35: 0.89 | AE35: =(AA35*AC35*AD35) -> 20714.75 | AF35: =($X$38+$Y$38+$Z$38)*(AA35/$AB$38) -> 65170 | AG35: =(AE35*K35/L35)-AF35 -> 10784.083 | AJ35: =AI35+AH35 -> 0 | AL35: =(AJ35+AK35) -> 0 | AQ35: =AM35+AN35+AO35+AP35 -> 0 | AR35: =Q35-N35 -> 0 | AS35: =AR35+AG35-AL35-AQ35 -> 10784.083
F36: Tree Pruning | G36: 1 | H36: Soil | I36: a | J36: a | K36: 44 | L36: 12 | Q36: =O36+P36 -> 0 | R36: 0.049 | S36: 28 | T36: 0 | X36: =W36+V36 -> 0 | Y36: =(R36*S36*AA36) -> 6860 | Z36: =U36+T36 -> 0 | AA36: =1*5000 -> 5000 | AB36: =AA36 -> 5000 | AC36: 0.77 | AD36: 0.89 | AE36: =(AA36*AC36*AD36) -> 3426.5 | AF36: =($X$38+$Y$38+$Z$38)*(AA36/$AB$38) -> 6860 | AG36: =(AE36*K36/L36)-AF36 -> 5703.8333 | AJ36: =AI36+AH36 -> 0 | AL36: =(AJ36+AK36) -> 0 | AQ36: =AM36+AN36+AO36+AP36 -> 0 | AR36: =Q36-N36 -> 0 | AS36: =AR36+AG36-AL36-AQ36 -> 5703.8333
F37: Bamboo Pruning | G37: 1 | H37: Soil | I37: a | J37: a | K37: 44 | L37: 12 | Q37: =O37+P37 -> 0 | R37: 0.049 | S37: 28 | T37: 0 | X37: =W37+V37 -> 0 | Y37: =(R37*S37*AA37) -> 13720 | Z37: =U37+T37 -> 0 | AA37: =2*5000 -> 10000 | AB37: =AA37 -> 10000 | AC37: 0.77 | AD37: 0.89 | AE37: =(AA37*AC37*AD37) -> 6853 | AF37: =($X$38+$Y$38+$Z$38)*(AA37/$AB$38) -> 13720 | AG37: =(AE37*K37/L37)-AF37 -> 11407.667 | AJ37: =AI37+AH37 -> 0 | AL37: =(AJ37+AK37) -> 0 | AQ37: =AM37+AN37+AO37+AP37 -> 0 | AR37: =Q37-N37 -> 0 | AS37: =AR37+AG37-AL37-AQ37 -> 11407.667
F38: Sub-total | X38: =SUM(X35:X37) -> 0 | Y38: =SUM(Y35:Y37) -> 85750 | Z38: =SUM(Z35:Z37) -> 0 | AA38: =SUM(AA35:AA37) -> 62500 | AB38: =SUM(AB35:AB37) -> 62500 | AE38: =SUM(AE35:AE37) -> 30994.25 | AF38: =SUM(AF35:AF37) -> 85750 | AS38: =SUM(AS35:AS37) -> 27895.583
F39: Paddy Straw | G39: 2 | H39: Soil | I39: a | J39: a | K39: 44 | L39: 12 | Q39: =O39+P39 -> 0 | R39: 0.049 | S39: 28 | T39: 0 | X39: =W39+V39 -> 0 | Y39: =(R39*S39*AA39) -> 65170 | Z39: =U39+T39 -> 0 | AA39: =9.5*5000 -> 47500 | AB39: =AA39 -> 47500 | AC39: 0.49 | AD39: 0.89 | AE39: =(AA39*AC39*AD39) -> 20714.75 | AF39: =($X$42+$Y$42+$Z$42)*(AA39/$AB$42) -> 65170 | AG39: =(AE39*K39/L39)-AF39 -> 10784.083 | AJ39: =AI39+AH39 -> 0 | AL39: =(AJ39+AK39) -> 0 | AQ39: =AM39+AN39+AO39+AP39 -> 0 | AR39: =Q39-N39 -> 0 | AS39: =AR39+AG39-AL39-AQ39 -> 10784.083
F40: Tree Pruning | G40: 2 | H40: Soil | I40: a | J40: a | K40: 44 | L40: 12 | Q40: =O40+P40 -> 0 | R40: 0.049 | S40: 28 | T40: 0 | X40: =W40+V40 -> 0 | Y40: =(R40*S40*AA40) -> 6860 | Z40: =U40+T40 -> 0 | AA40: =1*5000 -> 5000 | AB40: =AA40 -> 5000 | AC40: 0.77 | AD40: 0.89 | AE40: =(AA40*AC40*AD40) -> 3426.5 | AF40: =($X$42+$Y$42+$Z$42)*(AA40/$AB$42) -> 6860 | AG40: =(AE40*K40/L40)-AF40 -> 5703.8333 | AJ40: =AI40+AH40 -> 0 | AL40: =(AJ40+AK40) -> 0 | AQ40: =AM40+AN40+AO40+AP40 -> 0 | AR40: =Q40-N40 -> 0 | AS40: =AR40+AG40-AL40-AQ40 -> 5703.8333
F41: Bamboo Pruning | G41: 2 | H41: Soil | I41: a | J41: a | K41: 44 | L41: 12 | Q41: =O41+P41 -> 0 | R41: 0.049 | S41: 28 | T41: 0 | X41: =W41+V41 -> 0 | Y41: =(R41*S41*AA41) -> 13720 | Z41: =U41+T41 -> 0 | AA41: =2*5000 -> 10000 | AB41: =AA41 -> 10000 | AC41: 0.77 | AD41: 0.89 | AE41: =(AA41*AC41*AD41) -> 6853 | AF41: =($X$42+$Y$42+$Z$42)*(AA41/$AB$42) -> 13720 | AG41: =(AE41*K41/L41)-AF41 -> 11407.667 | AJ41: =AI41+AH41 -> 0 | AL41: =(AJ41+AK41) -> 0 | AQ41: =AM41+AN41+AO41+AP41 -> 0 | AR41: =Q41-N41 -> 0 | AS41: =AR41+AG41-AL41-AQ41 -> 11407.667
F42: Sub-total | X42: =SUM(X39:X41) -> 0 | Y42: =SUM(Y39:Y41) -> 85750 | Z42: =SUM(Z39:Z41) -> 0 | AA42: =SUM(AA39:AA41) -> 62500 | AB42: =SUM(AB39:AB41) -> 62500 | AE42: =SUM(AE39:AE41) -> 30994.25 | AF42: =SUM(AF39:AF41) -> 85750 | AS42: =SUM(AS39:AS41) -> 27895.583
F43: Total | AS43: =SUM(AS42,AS38) -> 55791.167
F44: Project hub: https://projecthub-uat.verra.org/project-description/1506
AS47: =AS43*4 -> 223164.67
Z57: This table is same as table above, with equation 7 adjusted. Both producing same ER values
F58: Option P. 2: Low Technology Production Facility
F61: Biochar Type | G61: Year | H61: Application Type | I61: Production Facility | J61: Kiln Type | K61: Molar mass of CO2 | L61: Molar mass of C | X61: Equation 8 | Y61: Equation 9 | Z61: Equation 10 | AE61: Equation 6 | AF61: Equation 7 | AG61: Equation 1 | AJ61: Equation 12 | AL61: Equation 11 | AQ61: Equation 13 | AR61: Equation 14 | AS61: Equation 15
F62: t | G62: y | H62: k | I62: p | M62: BEAS,y | N62: PESS,y | O62: BEC,y | P62: BED,y | Q62: BESS,y | R62: Fe | S62: GWPCH4 | T62: PECF,p,y | U62: PECE,p,y | V62: PEDF,p,y | W62: PEDE,p,y | X62: PED,p,y | Y62: PEP,p,y | Z62: PEC,p,y | AA62: Mt,k,p,y | AB62: Mp,y | AC62: FCp,t,p | AD62: PRde,k | AE62: CCt,k,y | AF62: PEPS,t, p,y | AG62: ERPS,y | AH62: PEPF,k,y | AI62: PEPE,k,y | AJ62: EP,t,k,y | AK62: Eap,t,k,y | AL62: PEAS,y | AM62: LEas,y | AN62: LEbd,y | AO62: LEts,y | AP62: LEtap,y | AQ62: LEy | AR62: ERSS,y | AS62: ERy
F63: Paddy Straw | G63: 1 | H63: Soil | I63: a | J63: a | K63: 44 | L63: 12 | Q63: =O63+P63 -> 0 | R63: 0.049 | S63: 28 | T63: 0 | X63: =W63+V63 -> 0 | Y63: =(R63*S63*AA63) -> 65170 | Z63: =U63+T63 -> 0 | AA63: =9.5*5000 -> 47500 | AB63: =AA63 -> 47500 | AC63: 0.49 | AD63: 0.89 | AE63: =(AA63*AC63*AD63) -> 20714.75 | AF63: =(X63+Y63+Z63)*(AA63/AB63) -> 65170 | AG63: =(AE63*K63/L63)-AF63 -> 10784.083 | AJ63: =AI63+AH63 -> 0 | AL63: =(AJ63+AK63) -> 0 | AQ63: =AM63+AN63+AO63+AP63 -> 0 | AR63: =Q63-N63 -> 0 | AS63: =AR63+AG63-AL63-AQ63 -> 10784.083
F64: Tree Pruning | G64: 1 | H64: Soil | I64: a | J64: a | K64: 44 | L64: 12 | Q64: =O64+P64 -> 0 | R64: 0.049 | S64: 28 | T64: 0 | X64: =W64+V64 -> 0 | Y64: =(R64*S64*AA64) -> 6860 | Z64: =U64+T64 -> 0 | AA64: =1*5000 -> 5000 | AB64: =AA64 -> 5000 | AC64: 0.77 | AD64: 0.89 | AE64: =(AA64*AC64*AD64) -> 3426.5 | AF64: =(X64+Y64+Z64)*(AA64/AB64) -> 6860 | AG64: =(AE64*K64/L64)-AF64 -> 5703.8333 | AJ64: =AI64+AH64 -> 0 | AL64: =(AJ64+AK64) -> 0 | AQ64: =AM64+AN64+AO64+AP64 -> 0 | AR64: =Q64-N64 -> 0 | AS64: =AR64+AG64-AL64-AQ64 -> 5703.8333
F65: Bamboo Pruning | G65: 1 | H65: Soil | I65: a | J65: a | K65: 44 | L65: 12 | Q65: =O65+P65 -> 0 | R65: 0.049 | S65: 28 | T65: 0 | X65: =W65+V65 -> 0 | Y65: =(R65*S65*AA65) -> 13720 | Z65: =U65+T65 -> 0 | AA65: =2*5000 -> 10000 | AB65: =AA65 -> 10000 | AC65: 0.77 | AD65: 0.89 | AE65: =(AA65*AC65*AD65) -> 6853 | AF65: =(X65+Y65+Z65)*(AA65/AB65) -> 13720 | AG65: =(AE65*K65/L65)-AF65 -> 11407.667 | AJ65: =AI65+AH65 -> 0 | AL65: =(AJ65+AK65) -> 0 | AQ65: =AM65+AN65+AO65+AP65 -> 0 | AR65: =Q65-N65 -> 0 | AS65: =AR65+AG65-AL65-AQ65 -> 11407.667
F66: Paddy Straw | G66: 2 | H66: Soil | I66: a | J66: a | K66: 44 | L66: 12 | Q66: =O66+P66 -> 0 | R66: 0.049 | S66: 28 | T66: 0 | X66: =W66+V66 -> 0 | Y66: =(R66*S66*AA66) -> 65170 | Z66: =U66+T66 -> 0 | AA66: =9.5*5000 -> 47500 | AB66: =AA66 -> 47500 | AC66: 0.49 | AD66: 0.89 | AE66: =(AA66*AC66*AD66) -> 20714.75 | AF66: =(X66+Y66+Z66)*(AA66/AB66) -> 65170 | AG66: =(AE66*K66/L66)-AF66 -> 10784.083 | AJ66: =AI66+AH66 -> 0 | AL66: =(AJ66+AK66) -> 0 | AQ66: =AM66+AN66+AO66+AP66 -> 0 | AR66: =Q66-N66 -> 0 | AS66: =AR66+AG66-AL66-AQ66 -> 10784.083
F67: Tree Pruning | G67: 2 | H67: Soil | I67: a | J67: a | K67: 44 | L67: 12 | Q67: =O67+P67 -> 0 | R67: 0.049 | S67: 28 | T67: 0 | X67: =W67+V67 -> 0 | Y67: =(R67*S67*AA67) -> 6860 | Z67: =U67+T67 -> 0 | AA67: =1*5000 -> 5000 | AB67: =AA67 -> 5000 | AC67: 0.77 | AD67: 0.89 | AE67: =(AA67*AC67*AD67) -> 3426.5 | AF67: =(X67+Y67+Z67)*(AA67/AB67) -> 6860 | AG67: =(AE67*K67/L67)-AF67 -> 5703.8333 | AJ67: =AI67+AH67 -> 0 | AL67: =(AJ67+AK67) -> 0 | AQ67: =AM67+AN67+AO67+AP67 -> 0 | AR67: =Q67-N67 -> 0 | AS67: =AR67+AG67-AL67-AQ67 -> 5703.8333
F68: Bamboo Pruning | G68: 2 | H68: Soil | I68: a | J68: a | K68: 44 | L68: 12 | Q68: =O68+P68 -> 0 | R68: 0.049 | S68: 28 | T68: 0 | X68: =W68+V68 -> 0 | Y68: =(R68*S68*AA68) -> 13720 | Z68: =U68+T68 -> 0 | AA68: =2*5000 -> 10000 | AB68: =AA68 -> 10000 | AC68: 0.77 | AD68: 0.89 | AE68: =(AA68*AC68*AD68) -> 6853 | AF68: =(X68+Y68+Z68)*(AA68/AB68) -> 13720 | AG68: =(AE68*K68/L68)-AF68 -> 11407.667 | AJ68: =AI68+AH68 -> 0 | AL68: =(AJ68+AK68) -> 0 | AQ68: =AM68+AN68+AO68+AP68 -> 0 | AR68: =Q68-N68 -> 0 | AS68: =AR68+AG68-AL68-AQ68 -> 11407.667
F69: Total | AS69: =SUM(AS63:AS68) -> 55791.167
F77: 45482
F78: Auto-Populate biochar type and create number of rows .
F80: 45484 | G80: For emvigo
F81: One extra row is added (leakage table in section 4.3) everytime I run calculation, update any value and re-run, have to delete additional row multiple times in a sungle run. Can you fix it.

Sheet Extended ER Calc (by Waqar) 
A4: Project ID | B4: NA
A5: Source | B5: ER calcs by Karina
A6: Tech tea, contact | B6: Waqar Ashiq
A7: Test Date | B7: 45478 | F7: Option P. 1: High Technology Production Facility (Production Stage Emissions)
A8: Project Hub | B8: https://projecthub-uat.verra.org/project-description/1435
A9: Feedback | B9: Internal Testing and Feedback _ VM0044.xlsx | F9: Biochar Type | G9: Year | H9: Application Type | I9: Production Facility | J9: Molar mass of CO2 | K9: Molar mass of C | U9: Equation 2 | X9: Equation 4 | Y9: PEP,p,y = 0 | AB9: Equation 5 | AC9: Equation 3 | AD9: Equation 1 | AG9: Equation 12 | AI9: Equation 11 | AN9: Equation 13 | AO9: Equation 14 | AP9: Equation 15
F10: t | G10: y | H10: k | I10: p | L10: BEAS,y | M10: PESS,y | N10: BEC,y | O10: BED,y | P10: BESS,y | Q10: Mt,k,p,y | R10: Mp,y | S10: FCp,t,p | T10: PRde,k | U10: CCt,k,y | V10: PEDE,p,y | W10: PEDF,p,y | X10: PED,p,y | Y10: PEP,p,y | Z10: PECE,p,y | AA10: PECF,p,y | AB10: PEC,p,y | AC10: PEPS,t,p,y | AD10: ERPS,y | AE10: PEPF,k,y | AF10: PEPE,k,y | AG10: EP,t,k,y | AH10: Eap,t,k,y | AI10: PEAS,y | AJ10: LEas,y | AK10: LEbd,y | AL10: LEts,y | AM10: LEtap,y | AN10: LEy | AO10: ERSS,y | AP10: ERy
F12: Bamboo Pruning | G12: 1 | H12: Soil | I12: a | J12: 44 | K12: 12 | P12: =N12+O12 -> 0 | Q12: =2*5000 -> 10000 | R12: =Q12 -> 10000 | S12: 0.77 | T12: 0.89 | U12: =(Q12*S12*T12) -> 6853 | V12: 21 | W12: 23 | X12: =V12+W12 -> 44 | Y12: 0 | Z12: 19 | AA12: 11 | AB12: =Z12+AA12 -> 30 | AC12: =($X$18+$Y$18+$AB$18)*(Q12/$R$18) -> 35.52 | AD12: =(U12*J12/K12)-AC12 -> 25092.147 | AE12: 17 | AF12: 12 | AG12: =AF12+AE12 -> 29 | AI12: =(AG12+AH12) -> 29 | AJ12: 0 | AK12: 10 | AL12: 13 | AM12: 9 | AN12: =AJ12+AK12+AL12+AM12 -> 32 | AO12: =P11-M11 -> 0 | AP12: =AO12+AD12-AI12-AN12 -> 25031.147
F13: Paddy Straw | G13: 1 | H13: Soil | I13: a | J13: 44 | K13: 12 | P13: =N13+O13 -> 0 | Q13: =9.5*5000 -> 47500 | R13: =Q13 -> 47500 | S13: 0.49 | T13: 0.89 | U13: =(Q13*S13*T13) -> 20714.75 | V13: 21 | W13: 23 | X13: =V13+W13 -> 44 | Y13: 0 | Z13: 19 | AA13: 11 | AB13: =Z13+AA13 -> 30 | AC13: =($X$18+$Y$18+$AB$18)*(Q13/$R$18) -> 168.72 | AD13: =(U13*J13/K13)-AC13 -> 75785.363 | AE13: 17 | AF13: 12 | AG13: =AF13+AE13 -> 29 | AI13: =(AG13+AH13) -> 29 | AJ13: 0 | AK13: 10 | AL13: 13 | AM13: 9 | AN13: =AJ13+AK13+AL13+AM13 -> 32 | AO13: =P12-M12 -> 0 | AP13: =AO13+AD13-AI13-AN13 -> 75724.363
F14: Tree Pruning | G14: 1 | H14: Soil | I14: a | J14: 44 | K14: 12 | P14: =N14+O14 -> 0 | Q14: =1*5000 -> 5000 | R14: =Q14 -> 5000 | S14: 0.77 | T14: 0.89 | U14: =(Q14*S14*T14) -> 3426.5 | V14: 21 | W14: 23 | X14: =V14+W14 -> 44 | Y14: 0 | Z14: 19 | AA14: 11 | AB14: =Z14+AA14 -> 30 | AC14: =($X$18+$Y$18+$AB$18)*(Q14/$R$18) -> 17.76 | AD14: =(U14*J14/K14)-AC14 -> 12546.073 | AE14: 17 | AF14: 12 | AG14: =AF14+AE14 -> 29 | AI14: =(AG14+AH14) -> 29 | AJ14: 0 | AK14: 10 | AL14: 13 | AM14: 9 | AN14: =AJ14+AK14+AL14+AM14 -> 32 | AO14: =P13-M13 -> 0 | AP14: =AO14+AD14-AI14-AN14 -> 12485.073
F15: Bamboo Pruning | G15: 1 | H15: Non-soil | I15: a | J15: 44 | K15: 12 | P15: =N15+O15 -> 0 | Q15: =2*5000 -> 10000 | R15: =Q15 -> 10000 | S15: 0.77 | T15: 0.92 | U15: =(Q15*S15*T15) -> 7084 | V15: 21 | W15: 23 | X15: =V15+W15 -> 44 | Y15: 0 | Z15: 19 | AA15: 11 | AB15: =Z15+AA15 -> 30 | AC15: =($X$18+$Y$18+$AB$18)*(Q15/$R$18) -> 35.52 | AD15: =(U15*J15/K15)-AC15 -> 25939.147 | AE15: 16 | AF15: 13 | AG15: =AF15+AE15 -> 29 | AI15: =(AG15+AH15) -> 29 | AJ15: 0 | AK15: 10 | AL15: 13 | AM15: 9 | AN15: =AJ15+AK15+AL15+AM15 -> 32 | AO15: =P14-M14 -> 0 | AP15: =AO15+AD15-AI15-AN15 -> 25878.147
F16: Paddy Straw | G16: 1 | H16: Non-soil | I16: a | J16: 44 | K16: 12 | P16: =N16+O16 -> 0 | Q16: =9.5*5000 -> 47500 | R16: =Q16 -> 47500 | S16: 0.49 | T16: 0.92 | U16: =(Q16*S16*T16) -> 21413 | V16: 21 | W16: 23 | X16: =V16+W16 -> 44 | Y16: 0 | Z16: 19 | AA16: 11 | AB16: =Z16+AA16 -> 30 | AC16: =($X$18+$Y$18+$AB$18)*(Q16/$R$18) -> 168.72 | AD16: =(U16*J16/K16)-AC16 -> 78345.613 | AE16: 16 | AF16: 13 | AG16: =AF16+AE16 -> 29 | AI16: =(AG16+AH16) -> 29 | AJ16: 0 | AK16: 10 | AL16: 13 | AM16: 9 | AN16: =AJ16+AK16+AL16+AM16 -> 32 | AO16: =P15-M15 -> 0 | AP16: =AO16+AD16-AI16-AN16 -> 78284.613
F17: Tree Pruning | G17: 1 | H17: Non-soil | I17: a | J17: 44 | K17: 12 | P17: =N17+O17 -> 0 | Q17: =1*5000 -> 5000 | R17: =Q17 -> 5000 | S17: 0.77 | T17: 0.92 | U17: =(Q17*S17*T17) -> 3542 | V17: 21 | W17: 23 | X17: =V17+W17 -> 44 | Y17: 0 | Z17: 19 | AA17: 11 | AB17: =Z17+AA17 -> 30 | AC17: =($X$18+$Y$18+$AB$18)*(Q17/$R$18) -> 17.76 | AD17: =(U17*J17/K17)-AC17 -> 12969.573 | AE17: 16 | AF17: 13 | AG17: =AF17+AE17 -> 29 | AI17: =(AG17+AH17) -> 29 | AJ17: 0 | AK17: 10 | AL17: 13 | AM17: 9 | AN17: =AJ17+AK17+AL17+AM17 -> 32 | AO17: =P16-M16 -> 0 | AP17: =AO17+AD17-AI17-AN17 -> 12908.573
R18: =SUM(R12:R17) -> 125000 | X18: =SUM(X12:X17) -> 264 | Y18: =SUM(Y12:Y17) -> 0 | AB18: =SUM(AB12:AB17) -> 180 | AC18: =SUM(AC12:AC17) -> 444
F19: Bamboo Pruning | G19: 1 | H19: Soil | I19: b | J19: 44 | K19: 12 | P19: =N19+O19 -> 0 | Q19: =2*5000 -> 10000 | R19: =Q19 -> 10000 | S19: 0.65 | T19: 0.89 | U19: =(Q19*S19*T19) -> 5785 | V19: 18 | W19: 20 | X19: =V19+W19 -> 38 | Y19: 0 | Z19: 16 | AA19: 9 | AB19: =Z19+AA19 -> 25 | AC19: =($X$25+$Y$25+$AB$25)*(Q19/$R$25) -> 30.24 | AD19: =(U19*J19/K19)-AC19 -> 21181.427 | AE19: 17 | AF19: 12 | AG19: =AF19+AE19 -> 29 | AI19: =(AG19+AH19) -> 29 | AJ19: 0 | AK19: 10 | AL19: 13 | AM19: 9 | AN19: =AJ19+AK19+AL19+AM19 -> 32 | AO19: =P17-M17 -> 0 | AP19: =AO19+AD19-AI19-AN19 -> 21120.427
F20: Paddy Straw | G20: 1 | H20: Soil | I20: b | J20: 44 | K20: 12 | P20: =N20+O20 -> 0 | Q20: =9.5*5000 -> 47500 | R20: =Q20 -> 47500 | S20: 0.72 | T20: 0.89 | U20: =(Q20*S20*T20) -> 30438 | V20: 18 | W20: 20 | X20: =V20+W20 -> 38 | Y20: 0 | Z20: 16 | AA20: 9 | AB20: =Z20+AA20 -> 25 | AC20: =($X$25+$Y$25+$AB$25)*(Q20/$R$25) -> 143.64 | AD20: =(U20*J20/K20)-AC20 -> 111462.36 | AE20: 17 | AF20: 12 | AG20: =AF20+AE20 -> 29 | AI20: =(AG20+AH20) -> 29 | AJ20: 0 | AK20: 10 | AL20: 13 | AM20: 9 | AN20: =AJ20+AK20+AL20+AM20 -> 32 | AO20: =P19-M19 -> 0 | AP20: =AO20+AD20-AI20-AN20 -> 111401.36
F21: Tree Pruning | G21: 1 | H21: Soil | I21: b | J21: 44 | K21: 12 | P21: =N21+O21 -> 0 | Q21: =1*5000 -> 5000 | R21: =Q21 -> 5000 | S21: 0.79 | T21: 0.89 | U21: =(Q21*S21*T21) -> 3515.5 | V21: 18 | W21: 20 | X21: =V21+W21 -> 38 | Y21: 0 | Z21: 16 | AA21: 9 | AB21: =Z21+AA21 -> 25 | AC21: =($X$25+$Y$25+$AB$25)*(Q21/$R$25) -> 15.12 | AD21: =(U21*J21/K21)-AC21 -> 12875.047 | AE21: 17 | AF21: 12 | AG21: =AF21+AE21 -> 29 | AI21: =(AG21+AH21) -> 29 | AJ21: 0 | AK21: 10 | AL21: 13 | AM21: 9 | AN21: =AJ21+AK21+AL21+AM21 -> 32 | AO21: =P20-M20 -> 0 | AP21: =AO21+AD21-AI21-AN21 -> 12814.047
F22: Bamboo Pruning | G22: 1 | H22: Non-soil | I22: b | J22: 44 | K22: 12 | P22: =N22+O22 -> 0 | Q22: =2*5000 -> 10000 | R22: =Q22 -> 10000 | S22: 0.65 | T22: 0.92 | U22: =(Q22*S22*T22) -> 5980 | V22: 18 | W22: 20 | X22: =V22+W22 -> 38 | Y22: 0 | Z22: 16 | AA22: 9 | AB22: =Z22+AA22 -> 25 | AC22: =($X$25+$Y$25+$AB$25)*(Q22/$R$25) -> 30.24 | AD22: =(U22*J22/K22)-AC22 -> 21896.427 | AE22: 16 | AF22: 13 | AG22: =AF22+AE22 -> 29 | AI22: =(AG22+AH22) -> 29 | AJ22: 0 | AK22: 10 | AL22: 13 | AM22: 9 | AN22: =AJ22+AK22+AL22+AM22 -> 32 | AO22: =P21-M21 -> 0 | AP22: =AO22+AD22-AI22-AN22 -> 21835.427
F23: Paddy Straw | G23: 1 | H23: Non-soil | I23: b | J23: 44 | K23: 12 | P23: =N23+O23 -> 0 | Q23: =9.5*5000 -> 47500 | R23: =Q23 -> 47500 | S23: 0.72 | T23: 0.92 | U23: =(Q23*S23*T23) -> 31464 | V23: 18 | W23: 20 | X23: =V23+W23 -> 38 | Y23: 0 | Z23: 16 | AA23: 9 | AB23: =Z23+AA23 -> 25 | AC23: =($X$25+$Y$25+$AB$25)*(Q23/$R$25) -> 143.64 | AD23: =(U23*J23/K23)-AC23 -> 115224.36 | AE23: 16 | AF23: 13 | AG23: =AF23+AE23 -> 29 | AI23: =(AG23+AH23) -> 29 | AJ23: 0 | AK23: 10 | AL23: 13 | AM23: 9 | AN23: =AJ23+AK23+AL23+AM23 -> 32 | AO23: =P22-M22 -> 0 | AP23: =AO23+AD23-AI23-AN23 -> 115163.36
F24: Tree Pruning | G24: 1 | H24: Non-soil | I24: b | J24: 44 | K24: 12 | P24: =N24+O24 -> 0 | Q24: =1*5000 -> 5000 | R24: =Q24 -> 5000 | S24: 0.79 | T24: 0.92 | U24: =(Q24*S24*T24) -> 3634 | V24: 18 | W24: 20 | X24: =V24+W24 -> 38 | Y24: 0 | Z24: 16 | AA24: 9 | AB24: =Z24+AA24 -> 25 | AC24: =($X$25+$Y$25+$AB$25)*(Q24/$R$25) -> 15.12 | AD24: =(U24*J24/K24)-AC24 -> 13309.547 | AE24: 16 | AF24: 13 | AG24: =AF24+AE24 -> 29 | AI24: =(AG24+AH24) -> 29 | AJ24: 0 | AK24: 10 | AL24: 13 | AM24: 9 | AN24: =AJ24+AK24+AL24+AM24 -> 32 | AO24: =P23-M23 -> 0 | AP24: =AO24+AD24-AI24-AN24 -> 13248.547
R25: =SUM(R19:R24) -> 125000 | X25: =SUM(X19:X24) -> 228 | Y25: =SUM(Y19:Y24) -> 0 | AB25: =SUM(AB19:AB24) -> 150 | AC25: =SUM(AC19:AC24) -> 378
F26: Bamboo Pruning | G26: 2 | H26: Soil | I26: a | J26: 44 | K26: 12 | P26: =N26+O26 -> 0 | Q26: =2*5000 -> 10000 | R26: =Q26 -> 10000 | S26: 0.77 | T26: 0.89 | U26: =(Q26*S26*T26) -> 6853 | V26: 12 | W26: 14 | X26: =V26+W26 -> 26 | Y26: 0 | Z26: 11 | AA26: 6 | AB26: =Z26+AA26 -> 17 | AC26: =($X$32+$Y$32+$AB$32)*(Q26/$R$32) -> 20.64 | AD26: =(U26*J26/K26)-AC26 -> 25107.027 | AE26: 15 | AF26: 19 | AG26: =AF26+AE26 -> 34 | AI26: =(AG26+AH26) -> 34 | AJ26: 0 | AK26: 11 | AL26: 19 | AM26: 7 | AN26: =AJ26+AK26+AL26+AM26 -> 37 | AO26: =P12-M12 -> 0 | AP26: =AO26+AD26-AI26-AN26 -> 25036.027
F27: Paddy Straw | G27: 2 | H27: Soil | I27: a | J27: 44 | K27: 12 | P27: =N27+O27 -> 0 | Q27: =9.5*5000 -> 47500 | R27: =Q27 -> 47500 | S27: 0.49 | T27: 0.89 | U27: =(Q27*S27*T27) -> 20714.75 | V27: 12 | W27: 14 | X27: =V27+W27 -> 26 | Y27: 0 | Z27: 11 | AA27: 6 | AB27: =Z27+AA27 -> 17 | AC27: =($X$32+$Y$32+$AB$32)*(Q27/$R$32) -> 98.04 | AD27: =(U27*J27/K27)-AC27 -> 75856.043 | AE27: 15 | AF27: 19 | AG27: =AF27+AE27 -> 34 | AI27: =(AG27+AH27) -> 34 | AJ27: 0 | AK27: 11 | AL27: 19 | AM27: 7 | AN27: =AJ27+AK27+AL27+AM27 -> 37 | AO27: =P26-M26 -> 0 | AP27: =AO27+AD27-AI27-AN27 -> 75785.043
F28: Tree Pruning | G28: 2 | H28: Soil | I28: a | J28: 44 | K28: 12 | P28: =N28+O28 -> 0 | Q28: =1*5000 -> 5000 | R28: =Q28 -> 5000 | S28: 0.77 | T28: 0.89 | U28: =(Q28*S28*T28) -> 3426.5 | V28: 12 | W28: 14 | X28: =V28+W28 -> 26 | Y28: 0 | Z28: 11 | AA28: 6 | AB28: =Z28+AA28 -> 17 | AC28: =($X$32+$Y$32+$AB$32)*(Q28/$R$32) -> 10.32 | AD28: =(U28*J28/K28)-AC28 -> 12553.513 | AE28: 15 | AF28: 19 | AG28: =AF28+AE28 -> 34 | AI28: =(AG28+AH28) -> 34 | AJ28: 0 | AK28: 11 | AL28: 19 | AM28: 7 | AN28: =AJ28+AK28+AL28+AM28 -> 37 | AO28: =P27-M27 -> 0 | AP28: =AO28+AD28-AI28-AN28 -> 12482.513
F29: Bamboo Pruning | G29: 2 | H29: Non-soil | I29: a | J29: 44 | K29: 12 | P29: =N29+O29 -> 0 | Q29: =2*5000 -> 10000 | R29: =Q29 -> 10000 | S29: 0.77 | T29: 0.92 | U29: =(Q29*S29*T29) -> 7084 | V29: 12 | W29: 14 | X29: =V29+W29 -> 26 | Y29: 0 | Z29: 11 | AA29: 6 | AB29: =Z29+AA29 -> 17 | AC29: =($X$32+$Y$32+$AB$32)*(Q29/$R$32) -> 20.64 | AD29: =(U29*J29/K29)-AC29 -> 25954.027 | AE29: 24 | AF29: 11 | AG29: =AF29+AE29 -> 35 | AI29: =(AG29+AH29) -> 35 | AJ29: 0 | AK29: 11 | AL29: 19 | AM29: 7 | AN29: =AJ29+AK29+AL29+AM29 -> 37 | AO29: =P15-M15 -> 0 | AP29: =AO29+AD29-AI29-AN29 -> 25882.027
F30: Paddy Straw | G30: 2 | H30: Non-soil | I30: a | J30: 44 | K30: 12 | P30: =N30+O30 -> 0 | Q30: =9.5*5000 -> 47500 | R30: =Q30 -> 47500 | S30: 0.49 | T30: 0.92 | U30: =(Q30*S30*T30) -> 21413 | V30: 12 | W30: 14 | X30: =V30+W30 -> 26 | Y30: 0 | Z30: 11 | AA30: 6 | AB30: =Z30+AA30 -> 17 | AC30: =($X$32+$Y$32+$AB$32)*(Q30/$R$32) -> 98.04 | AD30: =(U30*J30/K30)-AC30 -> 78416.293 | AE30: 24 | AF30: 11 | AG30: =AF30+AE30 -> 35 | AI30: =(AG30+AH30) -> 35 | AJ30: 0 | AK30: 11 | AL30: 19 | AM30: 7 | AN30: =AJ30+AK30+AL30+AM30 -> 37 | AO30: =P29-M29 -> 0 | AP30: =AO30+AD30-AI30-AN30 -> 78344.293
F31: Tree Pruning | G31: 2 | H31: Non-soil | I31: a | J31: 44 | K31: 12 | P31: =N31+O31 -> 0 | Q31: =1*5000 -> 5000 | R31: =Q31 -> 5000 | S31: 0.77 | T31: 0.92 | U31: =(Q31*S31*T31) -> 3542 | V31: 12 | W31: 14 | X31: =V31+W31 -> 26 | Y31: 0 | Z31: 11 | AA31: 6 | AB31: =Z31+AA31 -> 17 | AC31: =($X$32+$Y$32+$AB$32)*(Q31/$R$32) -> 10.32 | AD31: =(U31*J31/K31)-AC31 -> 12977.013 | AE31: 24 | AF31: 11 | AG31: =AF31+AE31 -> 35 | AI31: =(AG31+AH31) -> 35 | AJ31: 0 | AK31: 11 | AL31: 19 | AM31: 7 | AN31: =AJ31+AK31+AL31+AM31 -> 37 | AO31: =P30-M30 -> 0 | AP31: =AO31+AD31-AI31-AN31 -> 12905.013
R32: =SUM(R26:R31) -> 125000 | X32: =SUM(X26:X31) -> 156 | Y32: =SUM(Y26:Y31) -> 0 | AB32: =SUM(AB26:AB31) -> 102 | AC32: =SUM(AC26:AC31) -> 258
F33: Bamboo Pruning | G33: 2 | H33: Soil | I33: b | J33: 44 | K33: 12 | P33: =N33+O33 -> 0 | Q33: =2*5000 -> 10000 | R33: =Q33 -> 10000 | S33: 0.65 | T33: 0.89 | U33: =(Q33*S33*T33) -> 5785 | V33: 8 | W33: 9 | X33: =V33+W33 -> 17 | Y33: 0 | Z33: 7 | AA33: 4 | AB33: =Z33+AA33 -> 11 | AC33: =($X$39+$Y$39+$AB$39)*(Q33/$R$39) -> 13.44 | AD33: =(U33*J33/K33)-AC33 -> 21198.227 | AE33: 15 | AF33: 19 | AG33: =AF33+AE33 -> 34 | AI33: =(AG33+AH33) -> 34 | AJ33: 0 | AK33: 11 | AL33: 19 | AM33: 7 | AN33: =AJ33+AK33+AL33+AM33 -> 37 | AO33: =P19-M19 -> 0 | AP33: =AO33+AD33-AI33-AN33 -> 21127.227
F34: Paddy Straw | G34: 2 | H34: Soil | I34: b | J34: 44 | K34: 12 | P34: =N34+O34 -> 0 | Q34: =9.5*5000 -> 47500 | R34: =Q34 -> 47500 | S34: 0.72 | T34: 0.89 | U34: =(Q34*S34*T34) -> 30438 | V34: 8 | W34: 9 | X34: =V34+W34 -> 17 | Y34: 0 | Z34: 7 | AA34: 4 | AB34: =Z34+AA34 -> 11 | AC34: =($X$39+$Y$39+$AB$39)*(Q34/$R$39) -> 63.84 | AD34: =(U34*J34/K34)-AC34 -> 111542.16 | AE34: 15 | AF34: 19 | AG34: =AF34+AE34 -> 34 | AI34: =(AG34+AH34) -> 34 | AJ34: 0 | AK34: 11 | AL34: 19 | AM34: 7 | AN34: =AJ34+AK34+AL34+AM34 -> 37 | AO34: =P33-M33 -> 0 | AP34: =AO34+AD34-AI34-AN34 -> 111471.16
F35: Tree Pruning | G35: 2 | H35: Soil | I35: b | J35: 44 | K35: 12 | P35: =N35+O35 -> 0 | Q35: =1*5000 -> 5000 | R35: =Q35 -> 5000 | S35: 0.79 | T35: 0.89 | U35: =(Q35*S35*T35) -> 3515.5 | V35: 8 | W35: 9 | X35: =V35+W35 -> 17 | Y35: 0 | Z35: 7 | AA35: 4 | AB35: =Z35+AA35 -> 11 | AC35: =($X$39+$Y$39+$AB$39)*(Q35/$R$39) -> 6.72 | AD35: =(U35*J35/K35)-AC35 -> 12883.447 | AE35: 15 | AF35: 19 | AG35: =AF35+AE35 -> 34 | AI35: =(AG35+AH35) -> 34 | AJ35: 0 | AK35: 11 | AL35: 19 | AM35: 7 | AN35: =AJ35+AK35+AL35+AM35 -> 37 | AO35: =P34-M34 -> 0 | AP35: =AO35+AD35-AI35-AN35 -> 12812.447
F36: Bamboo Pruning | G36: 2 | H36: Non-soil | I36: b | J36: 44 | K36: 12 | P36: =N36+O36 -> 0 | Q36: =2*5000 -> 10000 | R36: =Q36 -> 10000 | S36: 0.65 | T36: 0.92 | U36: =(Q36*S36*T36) -> 5980 | V36: 8 | W36: 9 | X36: =V36+W36 -> 17 | Y36: 0 | Z36: 7 | AA36: 4 | AB36: =Z36+AA36 -> 11 | AC36: =($X$39+$Y$39+$AB$39)*(Q36/$R$39) -> 13.44 | AD36: =(U36*J36/K36)-AC36 -> 21913.227 | AE36: 24 | AF36: 11 | AG36: =AF36+AE36 -> 35 | AI36: =(AG36+AH36) -> 35 | AJ36: 0 | AK36: 11 | AL36: 19 | AM36: 7 | AN36: =AJ36+AK36+AL36+AM36 -> 37 | AO36: =P22-M22 -> 0 | AP36: =AO36+AD36-AI36-AN36 -> 21841.227
F37: Paddy Straw | G37: 2 | H37: Non-soil | I37: b | J37: 44 | K37: 12 | P37: =N37+O37 -> 0 | Q37: =9.5*5000 -> 47500 | R37: =Q37 -> 47500 | S37: 0.72 | T37: 0.92 | U37: =(Q37*S37*T37) -> 31464 | V37: 8 | W37: 9 | X37: =V37+W37 -> 17 | Y37: 0 | Z37: 7 | AA37: 4 | AB37: =Z37+AA37 -> 11 | AC37: =($X$39+$Y$39+$AB$39)*(Q37/$R$39) -> 63.84 | AD37: =(U37*J37/K37)-AC37 -> 115304.16 | AE37: 24 | AF37: 11 | AG37: =AF37+AE37 -> 35 | AI37: =(AG37+AH37) -> 35 | AJ37: 0 | AK37: 11 | AL37: 19 | AM37: 7 | AN37: =AJ37+AK37+AL37+AM37 -> 37 | AO37: =P36-M36 -> 0 | AP37: =AO37+AD37-AI37-AN37 -> 115232.16
F38: Tree Pruning | G38: 2 | H38: Non-soil | I38: b | J38: 44 | K38: 12 | P38: =N38+O38 -> 0 | Q38: =1*5000 -> 5000 | R38: =Q38 -> 5000 | S38: 0.79 | T38: 0.92 | U38: =(Q38*S38*T38) -> 3634 | V38: 8 | W38: 9 | X38: =V38+W38 -> 17 | Y38: 0 | Z38: 7 | AA38: 4 | AB38: =Z38+AA38 -> 11 | AC38: =($X$39+$Y$39+$AB$39)*(Q38/$R$39) -> 6.72 | AD38: =(U38*J38/K38)-AC38 -> 13317.947 | AE38: 24 | AF38: 11 | AG38: =AF38+AE38 -> 35 | AI38: =(AG38+AH38) -> 35 | AJ38: 0 | AK38: 11 | AL38: 19 | AM38: 7 | AN38: =AJ38+AK38+AL38+AM38 -> 37 | AO38: =P37-M37 -> 0 | AP38: =AO38+AD38-AI38-AN38 -> 13245.947
R39: =SUM(R33:R38) -> 125000 | X39: =SUM(X33:X38) -> 102 | Y39: =SUM(Y33:Y38) -> 0 | AB39: =SUM(AB33:AB38) -> 66 | AC39: =SUM(AC33:AC38) -> 168
F40: https://projecthub-uat.verra.org/project-description/1601 | AP40: =SUM(AP12:AP38) -> 1052060.2
F41: https://projecthub-uat2.verra.org/project-description/13
F43: Option P. 2: Low Technology Production Facility
AV44: =AP40+AS78 -> 1275224.8
AV45: =AQ41+AS80 -> 0
F46: Biochar Type | G46: Year | H46: Application Type | I46: Production Facility | J46: Kiln Type | K46: Molar mass of CO2 | L46: Molar mass of C | X46: Equation 8 | Y46: Equation 9 | Z46: Equation 10 | AE46: Equation 6 | AF46: Equation 7 | AG46: Equation 1 | AJ46: Equation 12 | AL46: Equation 11 | AQ46: Equation 13 | AR46: Equation 14 | AS46: Equation 15
F47: t | G47: y | H47: k | I47: p | M47: BEAS,y | N47: PESS,y | O47: BEC,y | P47: BED,y | Q47: BESS,y | R47: Fe | S47: GWPCH4 | T47: PECF,p,y | U47: PECE,p,y | V47: PEDF,p,y | W47: PEDE,p,y | X47: PED,p,y | Y47: PEP,p,y | Z47: PEC,p,y | AA47: Mt,k,p,y | AB47: Mp,y | AC47: FCp,t,p | AD47: PRde,k | AE47: CCt,k,y | AF47: PEPS,t, p,y | AG47: ERPS,y | AH47: PEPF,k,y | AI47: PEPE,k,y | AJ47: EP,t,k,y | AK47: Eap,t,k,y | AL47: PEAS,y | AM47: LEas,y | AN47: LEbd,y | AO47: LEts,y | AP47: LEtap,y | AQ47: LEy | AR47: ERSS,y | AS47: ERy | AV47: =AV44-AV45 -> 1275224.8
F48: Bamboo Pruning | G48: 1 | H48: Soil | I48: c | J48: a | K48: 44 | L48: 12 | Q48: =O48+P48 -> 0 | R48: 0.049 | S48: 28 | T48: 0 | X48: =W48+V48 -> 0 | Y48: =(R48*S48*AA48) -> 13720 | Z48: =U48+T48 -> 0 | AA48: =2*5000 -> 10000 | AB48: =AA48 -> 10000 | AC48: 0.77 | AD48: 0.89 | AE48: =(AA48*AC48*AD48) -> 6853 | AF48: =($X$54+$Y$54+$Z$54)*(AA48/$AB$54) -> 13720 | AG48: =(AE48*K48/L48)-AF48 -> 11407.667 | AJ48: =AI48+AH48 -> 0 | AL48: =(AJ48+AK48) -> 0 | AQ48: =AM48+AN48+AO48+AP48 -> 0 | AR48: =Q48-N48 -> 0 | AS48: =AR48+AG48-AL48-AQ48 -> 11407.667
F49: Paddy Straw | G49: 1 | H49: Soil | I49: c | J49: a | K49: 44 | L49: 12 | Q49: =O49+P49 -> 0 | R49: 0.049 | S49: 28 | T49: 0 | X49: =W49+V49 -> 0 | Y49: =(R49*S49*AA49) -> 65170 | Z49: =U49+T49 -> 0 | AA49: =9.5*5000 -> 47500 | AB49: =AA49 -> 47500 | AC49: 0.49 | AD49: 0.89 | AE49: =(AA49*AC49*AD49) -> 20714.75 | AF49: =($X$54+$Y$54+$Z$54)*(AA49/$AB$54) -> 65170 | AG49: =(AE49*K49/L49)-AF49 -> 10784.083 | AJ49: =AI49+AH49 -> 0 | AL49: =(AJ49+AK49) -> 0 | AQ49: =AM49+AN49+AO49+AP49 -> 0 | AR49: =Q49-N49 -> 0 | AS49: =AR49+AG49-AL49-AQ49 -> 10784.083
F50: Tree Pruning | G50: 1 | H50: Soil | I50: c | J50: a | K50: 44 | L50: 12 | Q50: =O50+P50 -> 0 | R50: 0.049 | S50: 28 | T50: 0 | X50: =W50+V50 -> 0 | Y50: =(R50*S50*AA50) -> 6860 | Z50: =U50+T50 -> 0 | AA50: =1*5000 -> 5000 | AB50: =AA50 -> 5000 | AC50: 0.77 | AD50: 0.89 | AE50: =(AA50*AC50*AD50) -> 3426.5 | AF50: =($X$54+$Y$54+$Z$54)*(AA50/$AB$54) -> 6860 | AG50: =(AE50*K50/L50)-AF50 -> 5703.8333 | AJ50: =AI50+AH50 -> 0 | AL50: =(AJ50+AK50) -> 0 | AQ50: =AM50+AN50+AO50+AP50 -> 0 | AR50: =Q50-N50 -> 0 | AS50: =AR50+AG50-AL50-AQ50 -> 5703.8333
F51: Bamboo Pruning | G51: 1 | H51: Non-soil | I51: c | J51: a | K51: 44 | L51: 12 | Q51: =O51+P51 -> 0 | R51: 0.049 | S51: 28 | T51: 0 | X51: =W51+V51 -> 0 | Y51: =(R51*S51*AA51) -> 13720 | Z51: =U51+T51 -> 0 | AA51: =2*5000 -> 10000 | AB51: =AA51 -> 10000 | AC51: 0.77 | AD51: 0.89 | AE51: =(AA51*AC51*AD51) -> 6853 | AF51: =($X$54+$Y$54+$Z$54)*(AA51/$AB$54) -> 13720 | AG51: =(AE51*K51/L51)-AF51 -> 11407.667 | AJ51: =AI51+AH51 -> 0 | AL51: =(AJ51+AK51) -> 0 | AQ51: =AM51+AN51+AO51+AP51 -> 0 | AR51: =Q51-N51 -> 0 | AS51: =AR51+AG51-AL51-AQ51 -> 11407.667
F52: Paddy Straw | G52: 1 | H52: Non-soil | I52: c | J52: a | K52: 44 | L52: 12 | Q52: =O52+P52 -> 0 | R52: 0.049 | S52: 28 | T52: 0 | X52: =W52+V52 -> 0 | Y52: =(R52*S52*AA52) -> 65170 | Z52: =U52+T52 -> 0 | AA52: =9.5*5000 -> 47500 | AB52: =AA52 -> 47500 | AC52: 0.49 | AD52: 0.89 | AE52: =(AA52*AC52*AD52) -> 20714.75 | AF52: =($X$54+$Y$54+$Z$54)*(AA52/$AB$54) -> 65170 | AG52: =(AE52*K52/L52)-AF52 -> 10784.083 | AJ52: =AI52+AH52 -> 0 | AL52: =(AJ52+AK52) -> 0 | AQ52: =AM52+AN52+AO52+AP52 -> 0 | AR52: =Q52-N52 -> 0 | AS52: =AR52+AG52-AL52-AQ52 -> 10784.083
F53: Tree Pruning | G53: 1 | H53: Non-soil | I53: c | J53: a | K53: 44 | L53: 12 | Q53: =O53+P53 -> 0 | R53: 0.049 | S53: 28 | T53: 0 | X53: =W53+V53 -> 0 | Y53: =(R53*S53*AA53) -> 6860 | Z53: =U53+T53 -> 0 | AA53: =1*5000 -> 5000 | AB53: =AA53 -> 5000 | AC53: 0.77 | AD53: 0.89 | AE53: =(AA53*AC53*AD53) -> 3426.5 | AF53: =($X$54+$Y$54+$Z$54)*(AA53/$AB$54) -> 6860 | AG53: =(AE53*K53/L53)-AF53 -> 5703.8333 | AJ53: =AI53+AH53 -> 0 | AL53: =(AJ53+AK53) -> 0 | AQ53: =AM53+AN53+AO53+AP53 -> 0 | AR53: =Q53-N53 -> 0 | AS53: =AR53+AG53-AL53-AQ53 -> 5703.8333
X54: =SUM(X48:X53) -> 0 | Y54: =SUM(Y48:Y53) -> 171500 | Z54: =SUM(Z48:Z53) -> 0 | AB54: =SUM(AA48:AA53) -> 125000 | AF54: =SUM(AF48:AF53) -> 171500
F55: Bamboo Pruning | G55: 1 | H55: Soil | I55: d | J55: a | K55: 44 | L55: 12 | Q55: =O55+P55 -> 0 | R55: 0.049 | S55: 28 | T55: 0 | X55: =W55+V55 -> 0 | Y55: =(R55*S55*AA55) -> 13720 | Z55: =U55+T55 -> 0 | AA55: =2*5000 -> 10000 | AB55: =AA55 -> 10000 | AC55: 0.77 | AD55: 0.89 | AE55: =(AA55*AC55*AD55) -> 6853 | AF55: =($X$61+$Y$61+$Z$61)*(AA55/$AB$61) -> 13720 | AG55: =(AE55*K55/L55)-AF55 -> 11407.667 | AJ55: =AI55+AH55 -> 0 | AL55: =(AJ55+AK55) -> 0 | AQ55: =AM55+AN55+AO55+AP55 -> 0 | AR55: =Q55-N55 -> 0 | AS55: =AR55+AG55-AL55-AQ55 -> 11407.667
F56: Paddy Straw | G56: 1 | H56: Soil | I56: d | J56: a | K56: 44 | L56: 12 | Q56: =O56+P56 -> 0 | R56: 0.049 | S56: 28 | T56: 0 | X56: =W56+V56 -> 0 | Y56: =(R56*S56*AA56) -> 65170 | Z56: =U56+T56 -> 0 | AA56: =9.5*5000 -> 47500 | AB56: =AA56 -> 47500 | AC56: 0.49 | AD56: 0.89 | AE56: =(AA56*AC56*AD56) -> 20714.75 | AF56: =($X$61+$Y$61+$Z$61)*(AA56/$AB$61) -> 65170 | AG56: =(AE56*K56/L56)-AF56 -> 10784.083 | AJ56: =AI56+AH56 -> 0 | AL56: =(AJ56+AK56) -> 0 | AQ56: =AM56+AN56+AO56+AP56 -> 0 | AR56: =Q56-N56 -> 0 | AS56: =AR56+AG56-AL56-AQ56 -> 10784.083
F57: Tree Pruning | G57: 1 | H57: Soil | I57: d | J57: a | K57: 44 | L57: 12 | Q57: =O57+P57 -> 0 | R57: 0.049 | S57: 28 | T57: 0 | X57: =W57+V57 -> 0 | Y57: =(R57*S57*AA57) -> 6860 | Z57: =U57+T57 -> 0 | AA57: =1*5000 -> 5000 | AB57: =AA57 -> 5000 | AC57: 0.77 | AD57: 0.89 | AE57: =(AA57*AC57*AD57) -> 3426.5 | AF57: =($X$61+$Y$61+$Z$61)*(AA57/$AB$61) -> 6860 | AG57: =(AE57*K57/L57)-AF57 -> 5703.8333 | AJ57: =AI57+AH57 -> 0 | AL57: =(AJ57+AK57) -> 0 | AQ57: =AM57+AN57+AO57+AP57 -> 0 | AR57: =Q57-N57 -> 0 | AS57: =AR57+AG57-AL57-AQ57 -> 5703.8333
F58: Bamboo Pruning | G58: 1 | H58: Non-soil | I58: d | J58: a | K58: 44 | L58: 12 | Q58: =O58+P58 -> 0 | R58: 0.049 | S58: 28 | T58: 0 | X58: =W58+V58 -> 0 | Y58: =(R58*S58*AA58) -> 13720 | Z58: =U58+T58 -> 0 | AA58: =2*5000 -> 10000 | AB58: =AA58 -> 10000 | AC58: 0.77 | AD58: 0.89 | AE58: =(AA58*AC58*AD58) -> 6853 | AF58: =($X$61+$Y$61+$Z$61)*(AA58/$AB$61) -> 13720 | AG58: =(AE58*K58/L58)-AF58 -> 11407.667 | AJ58: =AI58+AH58 -> 0 | AL58: =(AJ58+AK58) -> 0 | AQ58: =AM58+AN58+AO58+AP58 -> 0 | AR58: =Q58-N58 -> 0 | AS58: =AR58+AG58-AL58-AQ58 -> 11407.667
F59: Paddy Straw | G59: 1 | H59: Non-soil | I59: d | J59: a | K59: 44 | L59: 12 | Q59: =O59+P59 -> 0 | R59: 0.049 | S59: 28 | T59: 0 | X59: =W59+V59 -> 0 | Y59: =(R59*S59*AA59) -> 65170 | Z59: =U59+T59 -> 0 | AA59: =9.5*5000 -> 47500 | AB59: =AA59 -> 47500 | AC59: 0.49 | AD59: 0.89 | AE59: =(AA59*AC59*AD59) -> 20714.75 | AF59: =($X$61+$Y$61+$Z$61)*(AA59/$AB$61) -> 65170 | AG59: =(AE59*K59/L59)-AF59 -> 10784.083 | AJ59: =AI59+AH59 -> 0 | AL59: =(AJ59+AK59) -> 0 | AQ59: =AM59+AN59+AO59+AP59 -> 0 | AR59: =Q59-N59 -> 0 | AS59: =AR59+AG59-AL59-AQ59 -> 10784.083
F60: Tree Pruning | G60: 1 | H60: Non-soil | I60: d | J60: a | K60: 44 | L60: 12 | Q60: =O60+P60 -> 0 | R60: 0.049 | S60: 28 | T60: 0 | X60: =W60+V60 -> 0 | Y60: =(R60*S60*AA60) -> 6860 | Z60: =U60+T60 -> 0 | AA60: =1*5000 -> 5000 | AB60: =AA60 -> 5000 | AC60: 0.77 | AD60: 0.89 | AE60: =(AA60*AC60*AD60) -> 3426.5 | AF60: =($X$61+$Y$61+$Z$61)*(AA60/$AB$61) -> 6860 | AG60: =(AE60*K60/L60)-AF60 -> 5703.8333 | AJ60: =AI60+AH60 -> 0 | AL60: =(AJ60+AK60) -> 0 | AQ60: =AM60+AN60+AO60+AP60 -> 0 | AR60: =Q60-N60 -> 0 | AS60: =AR60+AG60-AL60-AQ60 -> 5703.8333
X61: =SUM(X55:X60) -> 0 | Y61: =SUM(Y55:Y60) -> 171500 | Z61: =SUM(Z55:Z60) -> 0 | AB61: =SUM(AA55:AA60) -> 125000
F63: Bamboo Pruning | G63: 2 | H63: Soil | I63: c | J63: a | K63: 44 | L63: 12 | Q63: =O63+P63 -> 0 | R63: 0.049 | S63: 28 | T63: 0 | X63: =W63+V63 -> 0 | Y63: =(R63*S63*AA63) -> 13720 | Z63: =U63+T63 -> 0 | AA63: =2*5000 -> 10000 | AB63: =AA63 -> 10000 | AC63: 0.77 | AD63: 0.89 | AE63: =(AA63*AC63*AD63) -> 6853 | AF63: =($X$69+$Y$69+$Z$69)*(AA63/$AB$69) -> 13720 | AG63: =(AE63*K63/L63)-AF63 -> 11407.667 | AJ63: =AI63+AH63 -> 0 | AL63: =(AJ63+AK63) -> 0 | AQ63: =AM63+AN63+AO63+AP63 -> 0 | AR63: =Q63-N63 -> 0 | AS63: =AR63+AG63-AL63-AQ63 -> 11407.667
F64: Paddy Straw | G64: 2 | H64: Soil | I64: c | J64: a | K64: 44 | L64: 12 | Q64: =O64+P64 -> 0 | R64: 0.049 | S64: 28 | T64: 0 | X64: =W64+V64 -> 0 | Y64: =(R64*S64*AA64) -> 65170 | Z64: =U64+T64 -> 0 | AA64: =9.5*5000 -> 47500 | AB64: =AA64 -> 47500 | AC64: 0.49 | AD64: 0.89 | AE64: =(AA64*AC64*AD64) -> 20714.75 | AF64: =($X$69+$Y$69+$Z$69)*(AA64/$AB$69) -> 65170 | AG64: =(AE64*K64/L64)-AF64 -> 10784.083 | AJ64: =AI64+AH64 -> 0 | AL64: =(AJ64+AK64) -> 0 | AQ64: =AM64+AN64+AO64+AP64 -> 0 | AR64: =Q64-N64 -> 0 | AS64: =AR64+AG64-AL64-AQ64 -> 10784.083
F65: Tree Pruning | G65: 2 | H65: Soil | I65: c | J65: a | K65: 44 | L65: 12 | Q65: =O65+P65 -> 0 | R65: 0.049 | S65: 28 | T65: 0 | X65: =W65+V65 -> 0 | Y65: =(R65*S65*AA65) -> 6860 | Z65: =U65+T65 -> 0 | AA65: =1*5000 -> 5000 | AB65: =AA65 -> 5000 | AC65: 0.77 | AD65: 0.89 | AE65: =(AA65*AC65*AD65) -> 3426.5 | AF65: =($X$69+$Y$69+$Z$69)*(AA65/$AB$69) -> 6860 | AG65: =(AE65*K65/L65)-AF65 -> 5703.8333 | AJ65: =AI65+AH65 -> 0 | AL65: =(AJ65+AK65) -> 0 | AQ65: =AM65+AN65+AO65+AP65 -> 0 | AR65: =Q65-N65 -> 0 | AS65: =AR65+AG65-AL65-AQ65 -> 5703.8333
F66: Bamboo Pruning | G66: 2 | H66: Non-soil | I66: c | J66: a | K66: 44 | L66: 12 | Q66: =O66+P66 -> 0 | R66: 0.049 | S66: 28 | T66: 0 | X66: =W66+V66 -> 0 | Y66: =(R66*S66*AA66) -> 13720 | Z66: =U66+T66 -> 0 | AA66: =2*5000 -> 10000 | AB66: =AA66 -> 10000 | AC66: 0.77 | AD66: 0.89 | AE66: =(AA66*AC66*AD66) -> 6853 | AF66: =($X$69+$Y$69+$Z$69)*(AA66/$AB$69) -> 13720 | AG66: =(AE66*K66/L66)-AF66 -> 11407.667 | AJ66: =AI66+AH66 -> 0 | AL66: =(AJ66+AK66) -> 0 | AQ66: =AM66+AN66+AO66+AP66 -> 0 | AR66: =Q66-N66 -> 0 | AS66: =AR66+AG66-AL66-AQ66 -> 11407.667
F67: Paddy Straw | G67: 2 | H67: Non-soil | I67: c | J67: a | K67: 44 | L67: 12 | Q67: =O67+P67 -> 0 | R67: 0.049 | S67: 28 | T67: 0 | X67: =W67+V67 -> 0 | Y67: =(R67*S67*AA67) -> 65170 | Z67: =U67+T67 -> 0 | AA67: =9.5*5000 -> 47500 | AB67: =AA67 -> 47500 | AC67: 0.49 | AD67: 0.89 | AE67: =(AA67*AC67*AD67) -> 20714.75 | AF67: =($X$69+$Y$69+$Z$69)*(AA67/$AB$69) -> 65170 | AG67: =(AE67*K67/L67)-AF67 -> 10784.083 | AJ67: =AI67+AH67 -> 0 | AL67: =(AJ67+AK67) -> 0 | AQ67: =AM67+AN67+AO67+AP67 -> 0 | AR67: =Q67-N67 -> 0 | AS67: =AR67+AG67-AL67-AQ67 -> 10784.083
F68: Tree Pruning | G68: 2 | H68: Non-soil | I68: c | J68: a | K68: 44 | L68: 12 | Q68: =O68+P68 -> 0 | R68: 0.049 | S68: 28 | T68: 0 | X68: =W68+V68 -> 0 | Y68: =(R68*S68*AA68) -> 6860 | Z68: =U68+T68 -> 0 | AA68: =1*5000 -> 5000 | AB68: =AA68 -> 5000 | AC68: 0.77 | AD68: 0.89 | AE68: =(AA68*AC68*AD68) -> 3426.5 | AF68: =($X$69+$Y$69+$Z$69)*(AA68/$AB$69) -> 6860 | AG68: =(AE68*K68/L68)-AF68 -> 5703.8333 | AJ68: =AI68+AH68 -> 0 | AL68: =(AJ68+AK68) -> 0 | AQ68: =AM68+AN68+AO68+AP68 -> 0 | AR68: =Q68-N68 -> 0 | AS68: =AR68+AG68-AL68-AQ68 -> 5703.8333
X69: =SUM(X63:X68) -> 0 | Y69: =SUM(Y63:Y68) -> 171500 | Z69: =SUM(Z63:Z68) -> 0 | AB69: =SUM(AA63:AA68) -> 125000
F70: Bamboo Pruning | G70: 2 | H70: Soil | I70: d | J70: a | K70: 44 | L70: 12 | Q70: =O70+P70 -> 0 | R70: 0.049 | S70: 28 | T70: 0 | X70: =W70+V70 -> 0 | Y70: =(R70*S70*AA70) -> 13720 | Z70: =U70+T70 -> 0 | AA70: =2*5000 -> 10000 | AB70: =AA70 -> 10000 | AC70: 0.77 | AD70: 0.89 | AE70: =(AA70*AC70*AD70) -> 6853 | AF70: =($X$76+$Y$76+$Z$76)*(AA70/$AB$76) -> 13720 | AG70: =(AE70*K70/L70)-AF70 -> 11407.667 | AJ70: =AI70+AH70 -> 0 | AL70: =(AJ70+AK70) -> 0 | AQ70: =AM70+AN70+AO70+AP70 -> 0 | AR70: =Q70-N70 -> 0 | AS70: =AR70+AG70-AL70-AQ70 -> 11407.667
F71: Paddy Straw | G71: 2 | H71: Soil | I71: d | J71: a | K71: 44 | L71: 12 | Q71: =O71+P71 -> 0 | R71: 0.049 | S71: 28 | T71: 0 | X71: =W71+V71 -> 0 | Y71: =(R71*S71*AA71) -> 65170 | Z71: =U71+T71 -> 0 | AA71: =9.5*5000 -> 47500 | AB71: =AA71 -> 47500 | AC71: 0.49 | AD71: 0.89 | AE71: =(AA71*AC71*AD71) -> 20714.75 | AF71: =($X$76+$Y$76+$Z$76)*(AA71/$AB$76) -> 65170 | AG71: =(AE71*K71/L71)-AF71 -> 10784.083 | AJ71: =AI71+AH71 -> 0 | AL71: =(AJ71+AK71) -> 0 | AQ71: =AM71+AN71+AO71+AP71 -> 0 | AR71: =Q71-N71 -> 0 | AS71: =AR71+AG71-AL71-AQ71 -> 10784.083
F72: Tree Pruning | G72: 2 | H72: Soil | I72: d | J72: a | K72: 44 | L72: 12 | Q72: =O72+P72 -> 0 | R72: 0.049 | S72: 28 | T72: 0 | X72: =W72+V72 -> 0 | Y72: =(R72*S72*AA72) -> 6860 | Z72: =U72+T72 -> 0 | AA72: =1*5000 -> 5000 | AB72: =AA72 -> 5000 | AC72: 0.77 | AD72: 0.89 | AE72: =(AA72*AC72*AD72) -> 3426.5 | AF72: =($X$76+$Y$76+$Z$76)*(AA72/$AB$76) -> 6860 | AG72: =(AE72*K72/L72)-AF72 -> 5703.8333 | AJ72: =AI72+AH72 -> 0 | AL72: =(AJ72+AK72) -> 0 | AQ72: =AM72+AN72+AO72+AP72 -> 0 | AR72: =Q72-N72 -> 0 | AS72: =AR72+AG72-AL72-AQ72 -> 5703.8333
F73: Bamboo Pruning | G73: 2 | H73: Non-soil | I73: d | J73: a | K73: 44 | L73: 12 | Q73: =O73+P73 -> 0 | R73: 0.049 | S73: 28 | T73: 0 | X73: =W73+V73 -> 0 | Y73: =(R73*S73*AA73) -> 13720 | Z73: =U73+T73 -> 0 | AA73: =2*5000 -> 10000 | AB73: =AA73 -> 10000 | AC73: 0.77 | AD73: 0.89 | AE73: =(AA73*AC73*AD73) -> 6853 | AF73: =($X$76+$Y$76+$Z$76)*(AA73/$AB$76) -> 13720 | AG73: =(AE73*K73/L73)-AF73 -> 11407.667 | AJ73: =AI73+AH73 -> 0 | AL73: =(AJ73+AK73) -> 0 | AQ73: =AM73+AN73+AO73+AP73 -> 0 | AR73: =Q73-N73 -> 0 | AS73: =AR73+AG73-AL73-AQ73 -> 11407.667
F74: Paddy Straw | G74: 2 | H74: Non-soil | I74: d | J74: a | K74: 44 | L74: 12 | Q74: =O74+P74 -> 0 | R74: 0.049 | S74: 28 | T74: 0 | X74: =W74+V74 -> 0 | Y74: =(R74*S74*AA74) -> 65170 | Z74: =U74+T74 -> 0 | AA74: =9.5*5000 -> 47500 | AB74: =AA74 -> 47500 | AC74: 0.49 | AD74: 0.89 | AE74: =(AA74*AC74*AD74) -> 20714.75 | AF74: =($X$76+$Y$76+$Z$76)*(AA74/$AB$76) -> 65170 | AG74: =(AE74*K74/L74)-AF74 -> 10784.083 | AJ74: =AI74+AH74 -> 0 | AL74: =(AJ74+AK74) -> 0 | AQ74: =AM74+AN74+AO74+AP74 -> 0 | AR74: =Q74-N74 -> 0 | AS74: =AR74+AG74-AL74-AQ74 -> 10784.083
F75: Tree Pruning | G75: 2 | H75: Non-soil | I75: d | J75: a | K75: 44 | L75: 12 | Q75: =O75+P75 -> 0 | R75: 0.049 | S75: 28 | T75: 0 | X75: =W75+V75 -> 0 | Y75: =(R75*S75*AA75) -> 6860 | Z75: =U75+T75 -> 0 | AA75: =1*5000 -> 5000 | AB75: =AA75 -> 5000 | AC75: 0.77 | AD75: 0.89 | AE75: =(AA75*AC75*AD75) -> 3426.5 | AF75: =($X$76+$Y$76+$Z$76)*(AA75/$AB$76) -> 6860 | AG75: =(AE75*K75/L75)-AF75 -> 5703.8333 | AJ75: =AI75+AH75 -> 0 | AL75: =(AJ75+AK75) -> 0 | AQ75: =AM75+AN75+AO75+AP75 -> 0 | AR75: =Q75-N75 -> 0 | AS75: =AR75+AG75-AL75-AQ75 -> 5703.8333
F76: Total | X76: =SUM(X70:X75) -> 0 | Y76: =SUM(Y70:Y75) -> 171500 | Z76: =SUM(Z70:Z75) -> 0 | AB76: =SUM(AA70:AA75) -> 125000
F77: https://projecthub-uat.verra.org/project-description/1601
F78: https://projecthub-uat2.verra.org/project-description/13 | AS78: =SUM(AS48:AS75) -> 223164.67

Sheet Extended ER Calc2 (Waqar)
A4: Project ID | B4: NA
A5: Source | B5: ER calcs by Karina
A6: Tech tea, contact | B6: Waqar Ashiq
A7: Test Date | B7: 45478 | F7: Option P. 1: High Technology Production Facility (Production Stage Emissions)
A8: Project Hub | B8: https://projecthub-uat.verra.org/project-description/1435
A9: Feedback | B9: Internal Testing and Feedback _ VM0044.xlsx | F9: Biochar Type | G9: Year | H9: Application Type | I9: Production Facility | J9: Molar mass of CO2 | K9: Molar mass of C | U9: Equation 2 | X9: Equation 4 | Y9: PEP,p,y = 0 | AB9: Equation 5 | AC9: Equation 3 | AD9: Equation 1 | AG9: Equation 12 | AI9: Equation 11 | AN9: Equation 13 | AO9: Equation 14 | AP9: Equation 15
F10: t | G10: y | H10: k | I10: p | L10: BEAS,y | M10: PESS,y | N10: BEC,y | O10: BED,y | P10: BESS,y | Q10: Mt,k,p,y | R10: Mp,y | S10: FCp,t,p | T10: PRde,k | U10: CCt,k,y | V10: PEDE,p,y | W10: PEDF,p,y | X10: PED,p,y | Y10: PEP,p,y | Z10: PECE,p,y | AA10: PECF,p,y | AB10: PEC,p,y | AC10: PEPS,t,p,y | AD10: ERPS,y | AE10: PEPF,k,y | AF10: PEPE,k,y | AG10: EP,t,k,y | AH10: Eap,t,k,y | AI10: PEAS,y | AJ10: LEas,y | AK10: LEbd,y | AL10: LEts,y | AM10: LEtap,y | AN10: LEy | AO10: ERSS,y | AP10: ERy
F12: Bamboo Pruning | G12: 1 | H12: Soil | I12: a | J12: 44 | K12: 12 | P12: =N12+O12 -> 0 | Q12: =2*5000 -> 10000 | R12: =Q12 -> 10000 | S12: 0.77 | T12: 0.89 | U12: =(Q12*S12*T12) -> 6853 | V12: 1 | W12: 1 | X12: =V12+W12 -> 2 | Y12: 0 | Z12: 1 | AA12: 1 | AB12: =Z12+AA12 -> 2 | AC12: =($X$19+$Y$19+$AB$19)*(Q12/$R$19) -> 1.92 | AD12: =(U12*J12/K12)-AC12 -> 25125.747 | AE12: 1 | AF12: 1 | AG12: =AF12+AE12 -> 2 | AH12: 1 | AI12: =(AG12+AH12) -> 3 | AJ12: 0 | AK12: 1 | AL12: 1 | AM12: 1 | AN12: =AJ12+AK12+AL12+AM12 -> 3 | AO12: =P11-M11 -> 0 | AP12: =AO12+AD12-AI12-AN12 -> 25119.747
F13: Paddy Straw | G13: 1 | H13: Soil | I13: a | J13: 44 | K13: 12 | P13: =N13+O13 -> 0 | Q13: =9.5*5000 -> 47500 | R13: =Q13 -> 47500 | S13: 0.49 | T13: 0.89 | U13: =(Q13*S13*T13) -> 20714.75 | V13: 1 | W13: 1 | X13: =V13+W13 -> 2 | Y13: 0 | Z13: 1 | AA13: 1 | AB13: =Z13+AA13 -> 2 | AC13: =($X$19+$Y$19+$AB$19)*(Q13/$R$19) -> 9.12 | AD13: =(U13*J13/K13)-AC13 -> 75944.963 | AE13: 1 | AF13: 1 | AG13: =AF13+AE13 -> 2 | AH13: 1 | AI13: =(AG13+AH13) -> 3 | AJ13: 0 | AK13: 1 | AL13: 1 | AM13: 1 | AN13: =AJ13+AK13+AL13+AM13 -> 3 | AO13: =P12-M12 -> 0 | AP13: =AO13+AD13-AI13-AN13 -> 75938.963
F14: Tree Pruning | G14: 1 | H14: Soil | I14: a | J14: 44 | K14: 12 | P14: =N14+O14 -> 0 | Q14: =1*5000 -> 5000 | R14: =Q14 -> 5000 | S14: 0.77 | T14: 0.89 | U14: =(Q14*S14*T14) -> 3426.5 | V14: 1 | W14: 1 | X14: =V14+W14 -> 2 | Y14: 0 | Z14: 1 | AA14: 1 | AB14: =Z14+AA14 -> 2 | AC14: =($X$19+$Y$19+$AB$19)*(Q14/$R$19) -> 0.96 | AD14: =(U14*J14/K14)-AC14 -> 12562.873 | AE14: 1 | AF14: 1 | AG14: =AF14+AE14 -> 2 | AH14: 1 | AI14: =(AG14+AH14) -> 3 | AJ14: 0 | AK14: 1 | AL14: 1 | AM14: 1 | AN14: =AJ14+AK14+AL14+AM14 -> 3 | AO14: =P13-M13 -> 0 | AP14: =AO14+AD14-AI14-AN14 -> 12556.873
AE15: =SUM(AE12:AE14) -> 3 | AF15: =SUM(AF12:AF14) -> 3 | AG15: =SUM(AG12:AG14) -> 6
F16: Bamboo Pruning | G16: 1 | H16: Non-soil | I16: a | J16: 44 | K16: 12 | P16: =N16+O16 -> 0 | Q16: =2*5000 -> 10000 | R16: =Q16 -> 10000 | S16: 0.77 | T16: 0.89 | U16: =(Q16*S16*T16) -> 6853 | V16: 1 | W16: 1 | X16: =V16+W16 -> 2 | Y16: 0 | Z16: 1 | AA16: 1 | AB16: =Z16+AA16 -> 2 | AC16: =($X$19+$Y$19+$AB$19)*(Q16/$R$19) -> 1.92 | AD16: =(U16*J16/K16)-AC16 -> 25125.747 | AE16: 1.5 | AF16: 1.5 | AG16: =AF16+AE16 -> 3 | AH16: 1.5 | AI16: =(AG16+AH16) -> 4.5 | AJ16: 0 | AK16: 1 | AL16: 1 | AM16: 1 | AN16: =AJ16+AK16+AL16+AM16 -> 3 | AO16: =P14-M14 -> 0 | AP16: =AO16+AD16-AI16-AN16 -> 25118.247
F17: Paddy Straw | G17: 1 | H17: Non-soil | I17: a | J17: 44 | K17: 12 | P17: =N17+O17 -> 0 | Q17: =9.5*5000 -> 47500 | R17: =Q17 -> 47500 | S17: 0.49 | T17: 0.89 | U17: =(Q17*S17*T17) -> 20714.75 | V17: 1 | W17: 1 | X17: =V17+W17 -> 2 | Y17: 0 | Z17: 1 | AA17: 1 | AB17: =Z17+AA17 -> 2 | AC17: =($X$19+$Y$19+$AB$19)*(Q17/$R$19) -> 9.12 | AD17: =(U17*J17/K17)-AC17 -> 75944.963 | AE17: 1.5 | AF17: 1.5 | AG17: =AF17+AE17 -> 3 | AH17: 1.5 | AI17: =(AG17+AH17) -> 4.5 | AJ17: 0 | AK17: 1 | AL17: 1 | AM17: 1 | AN17: =AJ17+AK17+AL17+AM17 -> 3 | AO17: =P16-M16 -> 0 | AP17: =AO17+AD17-AI17-AN17 -> 75937.463
F18: Tree Pruning | G18: 1 | H18: Non-soil | I18: a | J18: 44 | K18: 12 | P18: =N18+O18 -> 0 | Q18: =1*5000 -> 5000 | R18: =Q18 -> 5000 | S18: 0.77 | T18: 0.89 | U18: =(Q18*S18*T18) -> 3426.5 | V18: 1 | W18: 1 | X18: =V18+W18 -> 2 | Y18: 0 | Z18: 1 | AA18: 1 | AB18: =Z18+AA18 -> 2 | AC18: =($X$19+$Y$19+$AB$19)*(Q18/$R$19) -> 0.96 | AD18: =(U18*J18/K18)-AC18 -> 12562.873 | AE18: 1.5 | AF18: 1.5 | AG18: =AF18+AE18 -> 3 | AH18: 1.5 | AI18: =(AG18+AH18) -> 4.5 | AJ18: 0 | AK18: 1 | AL18: 1 | AM18: 1 | AN18: =AJ18+AK18+AL18+AM18 -> 3 | AO18: =P17-M17 -> 0 | AP18: =AO18+AD18-AI18-AN18 -> 12555.373
R19: =SUM(R12:R18) -> 125000 | V19: =SUM(V12:V18) -> 6 | W19: =SUM(W12:W18) -> 6 | X19: =SUM(X12:X18) -> 12 | Y19: =SUM(Y12:Y18) -> 0 | Z19: =SUM(Z12:Z18) -> 6 | AA19: =SUM(AA12:AA18) -> 6 | AB19: =SUM(AB12:AB18) -> 12 | AC19: =SUM(AC12:AC18) -> 24 | AD19: =SUM(AD12:AD18) -> 227267.17 | AE19: =SUM(AE16:AE18) -> 4.5 | AF19: =SUM(AF16:AF18) -> 4.5 | AG19: =SUM(AG16:AG18) -> 9 | AJ19: =SUM(AJ16:AJ18) -> 0 | AK19: =SUM(AK16:AK18) -> 3 | AL19: =SUM(AL16:AL18) -> 3 | AM19: =SUM(AM16:AM18) -> 3 | AN19: =SUM(AN12:AN18) -> 18 | AO19: =SUM(AO12:AO18) -> 0
F20: Bamboo Pruning | G20: 1 | H20: Soil | I20: b | J20: 44 | K20: 12 | P20: =N20+O20 -> 0 | Q20: =2*5000 -> 10000 | R20: =Q20 -> 10000 | S20: 0.77 | T20: 0.89 | U20: =(Q20*S20*T20) -> 6853 | V20: 2 | W20: 2 | X20: =V20+W20 -> 4 | Y20: 0 | Z20: 2 | AA20: 2 | AB20: =Z20+AA20 -> 4 | AC20: =($X$27+$Y$27+$AB$27)*(Q20/$R$27) -> 3.84 | AD20: =(U20*J20/K20)-AC20 -> 25123.827 | AE20: 1 | AF20: 1 | AG20: =AF20+AE20 -> 2 | AH20: 1 | AI20: =(AG20+AH20) -> 3 | AJ20: 0 | AK20: 1 | AL20: 1 | AM20: 1 | AN20: =AJ20+AK20+AL20+AM20 -> 3 | AO20: =P18-M18 -> 0 | AP20: =AO20+AD20-AI20-AN20 -> 25117.827
F21: Paddy Straw | G21: 1 | H21: Soil | I21: b | J21: 44 | K21: 12 | P21: =N21+O21 -> 0 | Q21: =9.5*5000 -> 47500 | R21: =Q21 -> 47500 | S21: 0.49 | T21: 0.89 | U21: =(Q21*S21*T21) -> 20714.75 | V21: 2 | W21: 2 | X21: =V21+W21 -> 4 | Y21: 0 | Z21: 2 | AA21: 2 | AB21: =Z21+AA21 -> 4 | AC21: =($X$27+$Y$27+$AB$27)*(Q21/$R$27) -> 18.24 | AD21: =(U21*J21/K21)-AC21 -> 75935.843 | AE21: 1 | AF21: 1 | AG21: =AF21+AE21 -> 2 | AH21: 1 | AI21: =(AG21+AH21) -> 3 | AJ21: 0 | AK21: 1 | AL21: 1 | AM21: 1 | AN21: =AJ21+AK21+AL21+AM21 -> 3 | AO21: =P20-M20 -> 0 | AP21: =AO21+AD21-AI21-AN21 -> 75929.843
F22: Tree Pruning | G22: 1 | H22: Soil | I22: b | J22: 44 | K22: 12 | P22: =N22+O22 -> 0 | Q22: =1*5000 -> 5000 | R22: =Q22 -> 5000 | S22: 0.77 | T22: 0.89 | U22: =(Q22*S22*T22) -> 3426.5 | V22: 2 | W22: 2 | X22: =V22+W22 -> 4 | Y22: 0 | Z22: 2 | AA22: 2 | AB22: =Z22+AA22 -> 4 | AC22: =($X$27+$Y$27+$AB$27)*(Q22/$R$27) -> 1.92 | AD22: =(U22*J22/K22)-AC22 -> 12561.913 | AE22: 1 | AF22: 1 | AG22: =AF22+AE22 -> 2 | AH22: 1 | AI22: =(AG22+AH22) -> 3 | AJ22: 0 | AK22: 1 | AL22: 1 | AM22: 1 | AN22: =AJ22+AK22+AL22+AM22 -> 3 | AO22: =P21-M21 -> 0 | AP22: =AO22+AD22-AI22-AN22 -> 12555.913
AE23: =SUM(AE20:AE22) -> 3 | AF23: =SUM(AF20:AF22) -> 3 | AG23: =SUM(AG20:AG22) -> 6
F24: Bamboo Pruning | G24: 1 | H24: Non-soil | I24: b | J24: 44 | K24: 12 | P24: =N24+O24 -> 0 | Q24: =2*5000 -> 10000 | R24: =Q24 -> 10000 | S24: 0.77 | T24: 0.89 | U24: =(Q24*S24*T24) -> 6853 | V24: 2 | W24: 2 | X24: =V24+W24 -> 4 | Y24: 0 | Z24: 2 | AA24: 2 | AB24: =Z24+AA24 -> 4 | AC24: =($X$27+$Y$27+$AB$27)*(Q24/$R$27) -> 3.84 | AD24: =(U24*J24/K24)-AC24 -> 25123.827 | AE24: 1.5 | AF24: 1.5 | AG24: =AF24+AE24 -> 3 | AH24: 1.5 | AI24: =(AG24+AH24) -> 4.5 | AJ24: 0 | AK24: 1 | AL24: 1 | AM24: 1 | AN24: =AJ24+AK24+AL24+AM24 -> 3 | AO24: =P22-M22 -> 0 | AP24: =AO24+AD24-AI24-AN24 -> 25116.327
F25: Paddy Straw | G25: 1 | H25: Non-soil | I25: b | J25: 44 | K25: 12 | P25: =N25+O25 -> 0 | Q25: =9.5*5000 -> 47500 | R25: =Q25 -> 47500 | S25: 0.49 | T25: 0.89 | U25: =(Q25*S25*T25) -> 20714.75 | V25: 2 | W25: 2 | X25: =V25+W25 -> 4 | Y25: 0 | Z25: 2 | AA25: 2 | AB25: =Z25+AA25 -> 4 | AC25: =($X$27+$Y$27+$AB$27)*(Q25/$R$27) -> 18.24 | AD25: =(U25*J25/K25)-AC25 -> 75935.843 | AE25: 1.5 | AF25: 1.5 | AG25: =AF25+AE25 -> 3 | AH25: 1.5 | AI25: =(AG25+AH25) -> 4.5 | AJ25: 0 | AK25: 1 | AL25: 1 | AM25: 1 | AN25: =AJ25+AK25+AL25+AM25 -> 3 | AO25: =P24-M24 -> 0 | AP25: =AO25+AD25-AI25-AN25 -> 75928.343
F26: Tree Pruning | G26: 1 | H26: Non-soil | I26: b | J26: 44 | K26: 12 | P26: =N26+O26 -> 0 | Q26: =1*5000 -> 5000 | R26: =Q26 -> 5000 | S26: 0.77 | T26: 0.89 | U26: =(Q26*S26*T26) -> 3426.5 | V26: 2 | W26: 2 | X26: =V26+W26 -> 4 | Y26: 0 | Z26: 2 | AA26: 2 | AB26: =Z26+AA26 -> 4 | AC26: =($X$27+$Y$27+$AB$27)*(Q26/$R$27) -> 1.92 | AD26: =(U26*J26/K26)-AC26 -> 12561.913 | AE26: 1.5 | AF26: 1.5 | AG26: =AF26+AE26 -> 3 | AH26: 1.5 | AI26: =(AG26+AH26) -> 4.5 | AJ26: 0 | AK26: 1 | AL26: 1 | AM26: 1 | AN26: =AJ26+AK26+AL26+AM26 -> 3 | AO26: =P25-M25 -> 0 | AP26: =AO26+AD26-AI26-AN26 -> 12554.413
R27: =SUM(R20:R26) -> 125000 | V27: =SUM(V20:V26) -> 12 | W27: =SUM(W20:W26) -> 12 | X27: =SUM(X20:X26) -> 24 | Y27: =SUM(Y20:Y26) -> 0 | Z27: =SUM(Z20:Z26) -> 12 | AA27: =SUM(AA20:AA26) -> 12 | AB27: =SUM(AB20:AB26) -> 24 | AC27: =SUM(AC20:AC26) -> 48 | AD27: =SUM(AD20:AD26) -> 227243.17 | AE27: =SUM(AE24:AE26) -> 4.5 | AF27: =SUM(AF24:AF26) -> 4.5 | AG27: =SUM(AG24:AG26) -> 9 | AJ27: =SUM(AJ24:AJ26) -> 0 | AK27: =SUM(AK24:AK26) -> 3 | AL27: =SUM(AL24:AL26) -> 3 | AM27: =SUM(AM24:AM26) -> 3 | AN27: =SUM(AN20:AN26) -> 18 | AO27: =SUM(AO20:AO26) -> 0
F28: Bamboo Pruning | G28: 2 | H28: Soil | I28: a | J28: 44 | K28: 12 | P28: =N28+O28 -> 0 | Q28: =2*5000 -> 10000 | R28: =Q28 -> 10000 | S28: 0.77 | T28: 0.89 | U28: =(Q28*S28*T28) -> 6853 | V28: 1.5 | W28: 1.5 | X28: =V28+W28 -> 3 | Y28: 0 | Z28: 1.5 | AA28: 1.5 | AB28: =Z28+AA28 -> 3 | AC28: =($X$35+$Y$35+$AB$35)*(Q28/$R$35) -> 2.88 | AD28: =(U28*J28/K28)-AC28 -> 25124.787 | AE28: 1 | AF28: 1 | AG28: =AF28+AE28 -> 2 | AH28: 1 | AI28: =(AG28+AH28) -> 3 | AJ28: 0 | AK28: 1 | AL28: 1 | AM28: 1 | AN28: =AJ28+AK28+AL28+AM28 -> 3 | AO28: =P12-M12 -> 0 | AP28: =AO28+AD28-AI28-AN28 -> 25118.787
F29: Paddy Straw | G29: 2 | H29: Soil | I29: a | J29: 44 | K29: 12 | P29: =N29+O29 -> 0 | Q29: =9.5*5000 -> 47500 | R29: =Q29 -> 47500 | S29: 0.49 | T29: 0.89 | U29: =(Q29*S29*T29) -> 20714.75 | V29: 1.5 | W29: 1.5 | X29: =V29+W29 -> 3 | Y29: 0 | Z29: 1.5 | AA29: 1.5 | AB29: =Z29+AA29 -> 3 | AC29: =($X$35+$Y$35+$AB$35)*(Q29/$R$35) -> 13.68 | AD29: =(U29*J29/K29)-AC29 -> 75940.403 | AE29: 1 | AF29: 1 | AG29: =AF29+AE29 -> 2 | AH29: 1 | AI29: =(AG29+AH29) -> 3 | AJ29: 0 | AK29: 1 | AL29: 1 | AM29: 1 | AN29: =AJ29+AK29+AL29+AM29 -> 3 | AO29: =P28-M28 -> 0 | AP29: =AO29+AD29-AI29-AN29 -> 75934.403
F30: Tree Pruning | G30: 2 | H30: Soil | I30: a | J30: 44 | K30: 12 | P30: =N30+O30 -> 0 | Q30: =1*5000 -> 5000 | R30: =Q30 -> 5000 | S30: 0.77 | T30: 0.89 | U30: =(Q30*S30*T30) -> 3426.5 | V30: 1.5 | W30: 1.5 | X30: =V30+W30 -> 3 | Y30: 0 | Z30: 1.5 | AA30: 1.5 | AB30: =Z30+AA30 -> 3 | AC30: =($X$35+$Y$35+$AB$35)*(Q30/$R$35) -> 1.44 | AD30: =(U30*J30/K30)-AC30 -> 12562.393 | AE30: 1 | AF30: 1 | AG30: =AF30+AE30 -> 2 | AH30: 1 | AI30: =(AG30+AH30) -> 3 | AJ30: 0 | AK30: 1 | AL30: 1 | AM30: 1 | AN30: =AJ30+AK30+AL30+AM30 -> 3 | AO30: =P29-M29 -> 0 | AP30: =AO30+AD30-AI30-AN30 -> 12556.393
AE31: =SUM(AE28:AE30) -> 3 | AF31: =SUM(AF28:AF30) -> 3 | AG31: =SUM(AG28:AG30) -> 6
F32: Bamboo Pruning | G32: 2 | H32: Non-soil | I32: a | J32: 44 | K32: 12 | P32: =N32+O32 -> 0 | Q32: =2*5000 -> 10000 | R32: =Q32 -> 10000 | S32: 0.77 | T32: 0.89 | U32: =(Q32*S32*T32) -> 6853 | V32: 1.5 | W32: 1.5 | X32: =V32+W32 -> 3 | Y32: 0 | Z32: 1.5 | AA32: 1.5 | AB32: =Z32+AA32 -> 3 | AC32: =($X$35+$Y$35+$AB$35)*(Q32/$R$35) -> 2.88 | AD32: =(U32*J32/K32)-AC32 -> 25124.787 | AE32: 1.5 | AF32: 1.5 | AG32: =AF32+AE32 -> 3 | AH32: 1.5 | AI32: =(AG32+AH32) -> 4.5 | AJ32: 0 | AK32: 2 | AL32: 2 | AM32: 2 | AN32: =AJ32+AK32+AL32+AM32 -> 6 | AO32: =P16-M16 -> 0 | AP32: =AO32+AD32-AI32-AN32 -> 25114.287
F33: Paddy Straw | G33: 2 | H33: Non-soil | I33: a | J33: 44 | K33: 12 | P33: =N33+O33 -> 0 | Q33: =9.5*5000 -> 47500 | R33: =Q33 -> 47500 | S33: 0.49 | T33: 0.89 | U33: =(Q33*S33*T33) -> 20714.75 | V33: 1.5 | W33: 1.5 | X33: =V33+W33 -> 3 | Y33: 0 | Z33: 1.5 | AA33: 1.5 | AB33: =Z33+AA33 -> 3 | AC33: =($X$35+$Y$35+$AB$35)*(Q33/$R$35) -> 13.68 | AD33: =(U33*J33/K33)-AC33 -> 75940.403 | AE33: 1.5 | AF33: 1.5 | AG33: =AF33+AE33 -> 3 | AH33: 1.5 | AI33: =(AG33+AH33) -> 4.5 | AJ33: 0 | AK33: 2 | AL33: 2 | AM33: 2 | AN33: =AJ33+AK33+AL33+AM33 -> 6 | AO33: =P32-M32 -> 0 | AP33: =AO33+AD33-AI33-AN33 -> 75929.903
F34: Tree Pruning | G34: 2 | H34: Non-soil | I34: a | J34: 44 | K34: 12 | P34: =N34+O34 -> 0 | Q34: =1*5000 -> 5000 | R34: =Q34 -> 5000 | S34: 0.77 | T34: 0.89 | U34: =(Q34*S34*T34) -> 3426.5 | V34: 1.5 | W34: 1.5 | X34: =V34+W34 -> 3 | Y34: 0 | Z34: 1.5 | AA34: 1.5 | AB34: =Z34+AA34 -> 3 | AC34: =($X$35+$Y$35+$AB$35)*(Q34/$R$35) -> 1.44 | AD34: =(U34*J34/K34)-AC34 -> 12562.393 | AE34: 1.5 | AF34: 1.5 | AG34: =AF34+AE34 -> 3 | AH34: 1.5 | AI34: =(AG34+AH34) -> 4.5 | AJ34: 0 | AK34: 2 | AL34: 2 | AM34: 2 | AN34: =AJ34+AK34+AL34+AM34 -> 6 | AO34: =P33-M33 -> 0 | AP34: =AO34+AD34-AI34-AN34 -> 12551.893
R35: =SUM(R28:R34) -> 125000 | V35: =SUM(V28:V34) -> 9 | W35: =SUM(W28:W34) -> 9 | X35: =SUM(X28:X34) -> 18 | Y35: =SUM(Y28:Y34) -> 0 | Z35: =SUM(Z28:Z34) -> 9 | AA35: =SUM(AA28:AA34) -> 9 | AB35: =SUM(AB28:AB34) -> 18 | AC35: =SUM(AC28:AC34) -> 36 | AD35: =SUM(AD28:AD34) -> 227255.17 | AE35: =SUM(AE32:AE34) -> 4.5 | AF35: =SUM(AF32:AF34) -> 4.5 | AG35: =SUM(AG32:AG34) -> 9 | AJ35: =SUM(AJ32:AJ34) -> 0 | AK35: =SUM(AK32:AK34) -> 6 | AL35: =SUM(AL32:AL34) -> 6 | AM35: =SUM(AM32:AM34) -> 6 | AN35: =SUM(AN28:AN34) -> 27 | AO35: =SUM(AO28:AO34) -> 0
F36: Bamboo Pruning | G36: 2 | H36: Soil | I36: b | J36: 44 | K36: 12 | P36: =N36+O36 -> 0 | Q36: =2*5000 -> 10000 | R36: =Q36 -> 10000 | S36: 0.77 | T36: 0.89 | U36: =(Q36*S36*T36) -> 6853 | V36: 2.5 | W36: 2.5 | X36: =V36+W36 -> 5 | Y36: 0 | Z36: 2.5 | AA36: 2.5 | AB36: =Z36+AA36 -> 5 | AC36: =($X$43+$Y$43+$AB$43)*(Q36/$R$43) -> 4.8 | AD36: =(U36*J36/K36)-AC36 -> 25122.867 | AE36: 1 | AF36: 1 | AG36: =AF36+AE36 -> 2 | AH36: 1 | AI36: =(AG36+AH36) -> 3 | AJ36: 0 | AK36: 2 | AL36: 2 | AM36: 2 | AN36: =AJ36+AK36+AL36+AM36 -> 6 | AO36: =P20-M20 -> 0 | AP36: =AO36+AD36-AI36-AN36 -> 25113.867
F37: Paddy Straw | G37: 2 | H37: Soil | I37: b | J37: 44 | K37: 12 | P37: =N37+O37 -> 0 | Q37: =9.5*5000 -> 47500 | R37: =Q37 -> 47500 | S37: 0.49 | T37: 0.89 | U37: =(Q37*S37*T37) -> 20714.75 | V37: 2.5 | W37: 2.5 | X37: =V37+W37 -> 5 | Y37: 0 | Z37: 2.5 | AA37: 2.5 | AB37: =Z37+AA37 -> 5 | AC37: =($X$43+$Y$43+$AB$43)*(Q37/$R$43) -> 22.8 | AD37: =(U37*J37/K37)-AC37 -> 75931.283 | AE37: 1 | AF37: 1 | AG37: =AF37+AE37 -> 2 | AH37: 1 | AI37: =(AG37+AH37) -> 3 | AJ37: 0 | AK37: 2 | AL37: 2 | AM37: 2 | AN37: =AJ37+AK37+AL37+AM37 -> 6 | AO37: =P36-M36 -> 0 | AP37: =AO37+AD37-AI37-AN37 -> 75922.283
F38: Tree Pruning | G38: 2 | H38: Soil | I38: b | J38: 44 | K38: 12 | P38: =N38+O38 -> 0 | Q38: =1*5000 -> 5000 | R38: =Q38 -> 5000 | S38: 0.77 | T38: 0.89 | U38: =(Q38*S38*T38) -> 3426.5 | V38: 2.5 | W38: 2.5 | X38: =V38+W38 -> 5 | Y38: 0 | Z38: 2.5 | AA38: 2.5 | AB38: =Z38+AA38 -> 5 | AC38: =($X$43+$Y$43+$AB$43)*(Q38/$R$43) -> 2.4 | AD38: =(U38*J38/K38)-AC38 -> 12561.433 | AE38: 1 | AF38: 1 | AG38: =AF38+AE38 -> 2 | AH38: 1 | AI38: =(AG38+AH38) -> 3 | AJ38: 0 | AK38: 2 | AL38: 2 | AM38: 2 | AN38: =AJ38+AK38+AL38+AM38 -> 6 | AO38: =P37-M37 -> 0 | AP38: =AO38+AD38-AI38-AN38 -> 12552.433
AE39: =SUM(AE36:AE38) -> 3 | AF39: =SUM(AF36:AF38) -> 3 | AG39: =SUM(AG36:AG38) -> 6 | AJ39: =SUM(AJ36:AJ38) -> 0 | AK39: =SUM(AK36:AK38) -> 6 | AL39: =SUM(AL36:AL38) -> 6 | AM39: =SUM(AM36:AM38) -> 6
F40: Bamboo Pruning | G40: 2 | H40: Non-soil | I40: b | J40: 44 | K40: 12 | P40: =N40+O40 -> 0 | Q40: =2*5000 -> 10000 | R40: =Q40 -> 10000 | S40: 0.77 | T40: 0.89 | U40: =(Q40*S40*T40) -> 6853 | V40: 2.5 | W40: 2.5 | X40: =V40+W40 -> 5 | Y40: 0 | Z40: 2.5 | AA40: 2.5 | AB40: =Z40+AA40 -> 5 | AC40: =($X$43+$Y$43+$AB$43)*(Q40/$R$43) -> 4.8 | AD40: =(U40*J40/K40)-AC40 -> 25122.867 | AE40: 1.5 | AF40: 1.5 | AG40: =AF40+AE40 -> 3 | AH40: 1.5 | AI40: =(AG40+AH40) -> 4.5 | AJ40: 0 | AK40: 2 | AL40: 2 | AM40: 2 | AN40: =AJ40+AK40+AL40+AM40 -> 6 | AO40: =P24-M24 -> 0 | AP40: =AO40+AD40-AI40-AN40 -> 25112.367
F41: Paddy Straw | G41: 2 | H41: Non-soil | I41: b | J41: 44 | K41: 12 | P41: =N41+O41 -> 0 | Q41: =9.5*5000 -> 47500 | R41: =Q41 -> 47500 | S41: 0.49 | T41: 0.89 | U41: =(Q41*S41*T41) -> 20714.75 | V41: 2.5 | W41: 2.5 | X41: =V41+W41 -> 5 | Y41: 0 | Z41: 2.5 | AA41: 2.5 | AB41: =Z41+AA41 -> 5 | AC41: =($X$43+$Y$43+$AB$43)*(Q41/$R$43) -> 22.8 | AD41: =(U41*J41/K41)-AC41 -> 75931.283 | AE41: 1.5 | AF41: 1.5 | AG41: =AF41+AE41 -> 3 | AH41: 1.5 | AI41: =(AG41+AH41) -> 4.5 | AJ41: 0 | AK41: 2 | AL41: 2 | AM41: 2 | AN41: =AJ41+AK41+AL41+AM41 -> 6 | AO41: =P40-M40 -> 0 | AP41: =AO41+AD41-AI41-AN41 -> 75920.783
F42: Tree Pruning | G42: 2 | H42: Non-soil | I42: b | J42: 44 | K42: 12 | P42: =N42+O42 -> 0 | Q42: =1*5000 -> 5000 | R42: =Q42 -> 5000 | S42: 0.77 | T42: 0.89 | U42: =(Q42*S42*T42) -> 3426.5 | V42: 2.5 | W42: 2.5 | X42: =V42+W42 -> 5 | Y42: 0 | Z42: 2.5 | AA42: 2.5 | AB42: =Z42+AA42 -> 5 | AC42: =($X$43+$Y$43+$AB$43)*(Q42/$R$43) -> 2.4 | AD42: =(U42*J42/K42)-AC42 -> 12561.433 | AE42: 1.5 | AF42: 1.5 | AG42: =AF42+AE42 -> 3 | AH42: 1.5 | AI42: =(AG42+AH42) -> 4.5 | AJ42: 0 | AK42: 2 | AL42: 2 | AM42: 2 | AN42: =AJ42+AK42+AL42+AM42 -> 6 | AO42: =P41-M41 -> 0 | AP42: =AO42+AD42-AI42-AN42 -> 12550.933
R43: =SUM(R36:R42) -> 125000 | V43: =SUM(V36:V42) -> 15 | W43: =SUM(W36:W42) -> 15 | X43: =SUM(X36:X42) -> 30 | Y43: =SUM(Y36:Y42) -> 0 | Z43: =SUM(Z36:Z42) -> 15 | AA43: =SUM(AA36:AA42) -> 15 | AB43: =SUM(AB36:AB42) -> 30 | AC43: =SUM(AC36:AC42) -> 60 | AD43: =SUM(AD36:AD42) -> 227231.17 | AE43: =SUM(AE40:AE42) -> 4.5 | AF43: =SUM(AF40:AF42) -> 4.5 | AG43: =SUM(AG40:AG42) -> 9 | AJ43: =SUM(AJ40:AJ42) -> 0 | AK43: =SUM(AK40:AK42) -> 6 | AL43: =SUM(AL40:AL42) -> 6 | AM43: =SUM(AM40:AM42) -> 6 | AN43: =SUM(AN36:AN42) -> 36 | AO43: =SUM(AO36:AO42) -> 0
F44: https://projecthub-uat.verra.org/project-description/1601 | AP44: =SUM(AP12:AP42) -> 908807.67
F45: https://projecthub-uat2.verra.org/project-description/13
F47: Option P. 2: Low Technology Production Facility
AV48: =AP44+AS82 -> 1131972.3
AV49: =AQ45+AS84 -> 0
F50: Biochar Type | G50: Year | H50: Application Type | I50: Production Facility | J50: Kiln Type | K50: Molar mass of CO2 | L50: Molar mass of C | X50: Equation 8 | Y50: Equation 9 | Z50: Equation 10 | AE50: Equation 6 | AF50: Equation 7 | AG50: Equation 1 | AJ50: Equation 12 | AL50: Equation 11 | AQ50: Equation 13 | AR50: Equation 14 | AS50: Equation 15
F51: t | G51: y | H51: k | I51: p | M51: BEAS,y | N51: PESS,y | O51: BEC,y | P51: BED,y | Q51: BESS,y | R51: Fe | S51: GWPCH4 | T51: PECF,p,y | U51: PECE,p,y | V51: PEDF,p,y | W51: PEDE,p,y | X51: PED,p,y | Y51: PEP,p,y | Z51: PEC,p,y | AA51: Mt,k,p,y | AB51: Mp,y | AC51: FCp,t,p | AD51: PRde,k | AE51: CCt,k,y | AF51: PEPS,t, p,y | AG51: ERPS,y | AH51: PEPF,k,y | AI51: PEPE,k,y | AJ51: EP,t,k,y | AK51: Eap,t,k,y | AL51: PEAS,y | AM51: LEas,y | AN51: LEbd,y | AO51: LEts,y | AP51: LEtap,y | AQ51: LEy | AR51: ERSS,y | AS51: ERy | AV51: =AV48-AV49 -> 1131972.3
F52: Bamboo Pruning | G52: 1 | H52: Soil | I52: c | J52: a | K52: 44 | L52: 12 | Q52: =O52+P52 -> 0 | R52: 0.049 | S52: 28 | T52: 0 | X52: =W52+V52 -> 0 | Y52: =(R52*S52*AA52) -> 13720 | Z52: =U52+T52 -> 0 | AA52: =2*5000 -> 10000 | AB52: =AA52 -> 10000 | AC52: 0.77 | AD52: 0.89 | AE52: =(AA52*AC52*AD52) -> 6853 | AF52: =($X$58+$Y$58+$Z$58)*(AA52/$AB$58) -> 13720 | AG52: =(AE52*K52/L52)-AF52 -> 11407.667 | AJ52: =AI52+AH52 -> 0 | AL52: =(AJ52+AK52) -> 0 | AQ52: =AM52+AN52+AO52+AP52 -> 0 | AR52: =Q52-N52 -> 0 | AS52: =AR52+AG52-AL52-AQ52 -> 11407.667
F53: Paddy Straw | G53: 1 | H53: Soil | I53: c | J53: a | K53: 44 | L53: 12 | Q53: =O53+P53 -> 0 | R53: 0.049 | S53: 28 | T53: 0 | X53: =W53+V53 -> 0 | Y53: =(R53*S53*AA53) -> 65170 | Z53: =U53+T53 -> 0 | AA53: =9.5*5000 -> 47500 | AB53: =AA53 -> 47500 | AC53: 0.49 | AD53: 0.89 | AE53: =(AA53*AC53*AD53) -> 20714.75 | AF53: =($X$58+$Y$58+$Z$58)*(AA53/$AB$58) -> 65170 | AG53: =(AE53*K53/L53)-AF53 -> 10784.083 | AJ53: =AI53+AH53 -> 0 | AL53: =(AJ53+AK53) -> 0 | AQ53: =AM53+AN53+AO53+AP53 -> 0 | AR53: =Q53-N53 -> 0 | AS53: =AR53+AG53-AL53-AQ53 -> 10784.083
F54: Tree Pruning | G54: 1 | H54: Soil | I54: c | J54: a | K54: 44 | L54: 12 | Q54: =O54+P54 -> 0 | R54: 0.049 | S54: 28 | T54: 0 | X54: =W54+V54 -> 0 | Y54: =(R54*S54*AA54) -> 6860 | Z54: =U54+T54 -> 0 | AA54: =1*5000 -> 5000 | AB54: =AA54 -> 5000 | AC54: 0.77 | AD54: 0.89 | AE54: =(AA54*AC54*AD54) -> 3426.5 | AF54: =($X$58+$Y$58+$Z$58)*(AA54/$AB$58) -> 6860 | AG54: =(AE54*K54/L54)-AF54 -> 5703.8333 | AJ54: =AI54+AH54 -> 0 | AL54: =(AJ54+AK54) -> 0 | AQ54: =AM54+AN54+AO54+AP54 -> 0 | AR54: =Q54-N54 -> 0 | AS54: =AR54+AG54-AL54-AQ54 -> 5703.8333
F55: Bamboo Pruning | G55: 1 | H55: Non-soil | I55: c | J55: a | K55: 44 | L55: 12 | Q55: =O55+P55 -> 0 | R55: 0.049 | S55: 28 | T55: 0 | X55: =W55+V55 -> 0 | Y55: =(R55*S55*AA55) -> 13720 | Z55: =U55+T55 -> 0 | AA55: =2*5000 -> 10000 | AB55: =AA55 -> 10000 | AC55: 0.77 | AD55: 0.89 | AE55: =(AA55*AC55*AD55) -> 6853 | AF55: =($X$58+$Y$58+$Z$58)*(AA55/$AB$58) -> 13720 | AG55: =(AE55*K55/L55)-AF55 -> 11407.667 | AJ55: =AI55+AH55 -> 0 | AL55: =(AJ55+AK55) -> 0 | AQ55: =AM55+AN55+AO55+AP55 -> 0 | AR55: =Q55-N55 -> 0 | AS55: =AR55+AG55-AL55-AQ55 -> 11407.667
F56: Paddy Straw | G56: 1 | H56: Non-soil | I56: c | J56: a | K56: 44 | L56: 12 | Q56: =O56+P56 -> 0 | R56: 0.049 | S56: 28 | T56: 0 | X56: =W56+V56 -> 0 | Y56: =(R56*S56*AA56) -> 65170 | Z56: =U56+T56 -> 0 | AA56: =9.5*5000 -> 47500 | AB56: =AA56 -> 47500 | AC56: 0.49 | AD56: 0.89 | AE56: =(AA56*AC56*AD56) -> 20714.75 | AF56: =($X$58+$Y$58+$Z$58)*(AA56/$AB$58) -> 65170 | AG56: =(AE56*K56/L56)-AF56 -> 10784.083 | AJ56: =AI56+AH56 -> 0 | AL56: =(AJ56+AK56) -> 0 | AQ56: =AM56+AN56+AO56+AP56 -> 0 | AR56: =Q56-N56 -> 0 | AS56: =AR56+AG56-AL56-AQ56 -> 10784.083
F57: Tree Pruning | G57: 1 | H57: Non-soil | I57: c | J57: a | K57: 44 | L57: 12 | Q57: =O57+P57 -> 0 | R57: 0.049 | S57: 28 | T57: 0 | X57: =W57+V57 -> 0 | Y57: =(R57*S57*AA57) -> 6860 | Z57: =U57+T57 -> 0 | AA57: =1*5000 -> 5000 | AB57: =AA57 -> 5000 | AC57: 0.77 | AD57: 0.89 | AE57: =(AA57*AC57*AD57) -> 3426.5 | AF57: =($X$58+$Y$58+$Z$58)*(AA57/$AB$58) -> 6860 | AG57: =(AE57*K57/L57)-AF57 -> 5703.8333 | AJ57: =AI57+AH57 -> 0 | AL57: =(AJ57+AK57) -> 0 | AQ57: =AM57+AN57+AO57+AP57 -> 0 | AR57: =Q57-N57 -> 0 | AS57: =AR57+AG57-AL57-AQ57 -> 5703.8333
X58: =SUM(X52:X57) -> 0 | Y58: =SUM(Y52:Y57) -> 171500 | Z58: =SUM(Z52:Z57) -> 0 | AB58: =SUM(AA52:AA57) -> 125000 | AF58: =SUM(AF52:AF57) -> 171500
F59: Bamboo Pruning | G59: 1 | H59: Soil | I59: d | J59: a | K59: 44 | L59: 12 | Q59: =O59+P59 -> 0 | R59: 0.049 | S59: 28 | T59: 0 | X59: =W59+V59 -> 0 | Y59: =(R59*S59*AA59) -> 13720 | Z59: =U59+T59 -> 0 | AA59: =2*5000 -> 10000 | AB59: =AA59 -> 10000 | AC59: 0.77 | AD59: 0.89 | AE59: =(AA59*AC59*AD59) -> 6853 | AF59: =($X$65+$Y$65+$Z$65)*(AA59/$AB$65) -> 13720 | AG59: =(AE59*K59/L59)-AF59 -> 11407.667 | AJ59: =AI59+AH59 -> 0 | AL59: =(AJ59+AK59) -> 0 | AQ59: =AM59+AN59+AO59+AP59 -> 0 | AR59: =Q59-N59 -> 0 | AS59: =AR59+AG59-AL59-AQ59 -> 11407.667
F60: Paddy Straw | G60: 1 | H60: Soil | I60: d | J60: a | K60: 44 | L60: 12 | Q60: =O60+P60 -> 0 | R60: 0.049 | S60: 28 | T60: 0 | X60: =W60+V60 -> 0 | Y60: =(R60*S60*AA60) -> 65170 | Z60: =U60+T60 -> 0 | AA60: =9.5*5000 -> 47500 | AB60: =AA60 -> 47500 | AC60: 0.49 | AD60: 0.89 | AE60: =(AA60*AC60*AD60) -> 20714.75 | AF60: =($X$65+$Y$65+$Z$65)*(AA60/$AB$65) -> 65170 | AG60: =(AE60*K60/L60)-AF60 -> 10784.083 | AJ60: =AI60+AH60 -> 0 | AL60: =(AJ60+AK60) -> 0 | AQ60: =AM60+AN60+AO60+AP60 -> 0 | AR60: =Q60-N60 -> 0 | AS60: =AR60+AG60-AL60-AQ60 -> 10784.083
F61: Tree Pruning | G61: 1 | H61: Soil | I61: d | J61: a | K61: 44 | L61: 12 | Q61: =O61+P61 -> 0 | R61: 0.049 | S61: 28 | T61: 0 | X61: =W61+V61 -> 0 | Y61: =(R61*S61*AA61) -> 6860 | Z61: =U61+T61 -> 0 | AA61: =1*5000 -> 5000 | AB61: =AA61 -> 5000 | AC61: 0.77 | AD61: 0.89 | AE61: =(AA61*AC61*AD61) -> 3426.5 | AF61: =($X$65+$Y$65+$Z$65)*(AA61/$AB$65) -> 6860 | AG61: =(AE61*K61/L61)-AF61 -> 5703.8333 | AJ61: =AI61+AH61 -> 0 | AL61: =(AJ61+AK61) -> 0 | AQ61: =AM61+AN61+AO61+AP61 -> 0 | AR61: =Q61-N61 -> 0 | AS61: =AR61+AG61-AL61-AQ61 -> 5703.8333
F62: Bamboo Pruning | G62: 1 | H62: Non-soil | I62: d | J62: a | K62: 44 | L62: 12 | Q62: =O62+P62 -> 0 | R62: 0.049 | S62: 28 | T62: 0 | X62: =W62+V62 -> 0 | Y62: =(R62*S62*AA62) -> 13720 | Z62: =U62+T62 -> 0 | AA62: =2*5000 -> 10000 | AB62: =AA62 -> 10000 | AC62: 0.77 | AD62: 0.89 | AE62: =(AA62*AC62*AD62) -> 6853 | AF62: =($X$65+$Y$65+$Z$65)*(AA62/$AB$65) -> 13720 | AG62: =(AE62*K62/L62)-AF62 -> 11407.667 | AJ62: =AI62+AH62 -> 0 | AL62: =(AJ62+AK62) -> 0 | AQ62: =AM62+AN62+AO62+AP62 -> 0 | AR62: =Q62-N62 -> 0 | AS62: =AR62+AG62-AL62-AQ62 -> 11407.667
F63: Paddy Straw | G63: 1 | H63: Non-soil | I63: d | J63: a | K63: 44 | L63: 12 | Q63: =O63+P63 -> 0 | R63: 0.049 | S63: 28 | T63: 0 | X63: =W63+V63 -> 0 | Y63: =(R63*S63*AA63) -> 65170 | Z63: =U63+T63 -> 0 | AA63: =9.5*5000 -> 47500 | AB63: =AA63 -> 47500 | AC63: 0.49 | AD63: 0.89 | AE63: =(AA63*AC63*AD63) -> 20714.75 | AF63: =($X$65+$Y$65+$Z$65)*(AA63/$AB$65) -> 65170 | AG63: =(AE63*K63/L63)-AF63 -> 10784.083 | AJ63: =AI63+AH63 -> 0 | AL63: =(AJ63+AK63) -> 0 | AQ63: =AM63+AN63+AO63+AP63 -> 0 | AR63: =Q63-N63 -> 0 | AS63: =AR63+AG63-AL63-AQ63 -> 10784.083
F64: Tree Pruning | G64: 1 | H64: Non-soil | I64: d | J64: a | K64: 44 | L64: 12 | Q64: =O64+P64 -> 0 | R64: 0.049 | S64: 28 | T64: 0 | X64: =W64+V64 -> 0 | Y64: =(R64*S64*AA64) -> 6860 | Z64: =U64+T64 -> 0 | AA64: =1*5000 -> 5000 | AB64: =AA64 -> 5000 | AC64: 0.77 | AD64: 0.89 | AE64: =(AA64*AC64*AD64) -> 3426.5 | AF64: =($X$65+$Y$65+$Z$65)*(AA64/$AB$65) -> 6860 | AG64: =(AE64*K64/L64)-AF64 -> 5703.8333 | AJ64: =AI64+AH64 -> 0 | AL64: =(AJ64+AK64) -> 0 | AQ64: =AM64+AN64+AO64+AP64 -> 0 | AR64: =Q64-N64 -> 0 | AS64: =AR64+AG64-AL64-AQ64 -> 5703.8333
X65: =SUM(X59:X64) -> 0 | Y65: =SUM(Y59:Y64) -> 171500 | Z65: =SUM(Z59:Z64) -> 0 | AB65: =SUM(AA59:AA64) -> 125000
F67: Bamboo Pruning | G67: 2 | H67: Soil | I67: c | J67: a | K67: 44 | L67: 12 | Q67: =O67+P67 -> 0 | R67: 0.049 | S67: 28 | T67: 0 | X67: =W67+V67 -> 0 | Y67: =(R67*S67*AA67) -> 13720 | Z67: =U67+T67 -> 0 | AA67: =2*5000 -> 10000 | AB67: =AA67 -> 10000 | AC67: 0.77 | AD67: 0.89 | AE67: =(AA67*AC67*AD67) -> 6853 | AF67: =($X$73+$Y$73+$Z$73)*(AA67/$AB$73) -> 13720 | AG67: =(AE67*K67/L67)-AF67 -> 11407.667 | AJ67: =AI67+AH67 -> 0 | AL67: =(AJ67+AK67) -> 0 | AQ67: =AM67+AN67+AO67+AP67 -> 0 | AR67: =Q67-N67 -> 0 | AS67: =AR67+AG67-AL67-AQ67 -> 11407.667
F68: Paddy Straw | G68: 2 | H68: Soil | I68: c | J68: a | K68: 44 | L68: 12 | Q68: =O68+P68 -> 0 | R68: 0.049 | S68: 28 | T68: 0 | X68: =W68+V68 -> 0 | Y68: =(R68*S68*AA68) -> 65170 | Z68: =U68+T68 -> 0 | AA68: =9.5*5000 -> 47500 | AB68: =AA68 -> 47500 | AC68: 0.49 | AD68: 0.89 | AE68: =(AA68*AC68*AD68) -> 20714.75 | AF68: =($X$73+$Y$73+$Z$73)*(AA68/$AB$73) -> 65170 | AG68: =(AE68*K68/L68)-AF68 -> 10784.083 | AJ68: =AI68+AH68 -> 0 | AL68: =(AJ68+AK68) -> 0 | AQ68: =AM68+AN68+AO68+AP68 -> 0 | AR68: =Q68-N68 -> 0 | AS68: =AR68+AG68-AL68-AQ68 -> 10784.083
F69: Tree Pruning | G69: 2 | H69: Soil | I69: c | J69: a | K69: 44 | L69: 12 | Q69: =O69+P69 -> 0 | R69: 0.049 | S69: 28 | T69: 0 | X69: =W69+V69 -> 0 | Y69: =(R69*S69*AA69) -> 6860 | Z69: =U69+T69 -> 0 | AA69: =1*5000 -> 5000 | AB69: =AA69 -> 5000 | AC69: 0.77 | AD69: 0.89 | AE69: =(AA69*AC69*AD69) -> 3426.5 | AF69: =($X$73+$Y$73+$Z$73)*(AA69/$AB$73) -> 6860 | AG69: =(AE69*K69/L69)-AF69 -> 5703.8333 | AJ69: =AI69+AH69 -> 0 | AL69: =(AJ69+AK69) -> 0 | AQ69: =AM69+AN69+AO69+AP69 -> 0 | AR69: =Q69-N69 -> 0 | AS69: =AR69+AG69-AL69-AQ69 -> 5703.8333
F70: Bamboo Pruning | G70: 2 | H70: Non-soil | I70: c | J70: a | K70: 44 | L70: 12 | Q70: =O70+P70 -> 0 | R70: 0.049 | S70: 28 | T70: 0 | X70: =W70+V70 -> 0 | Y70: =(R70*S70*AA70) -> 13720 | Z70: =U70+T70 -> 0 | AA70: =2*5000 -> 10000 | AB70: =AA70 -> 10000 | AC70: 0.77 | AD70: 0.89 | AE70: =(AA70*AC70*AD70) -> 6853 | AF70: =($X$73+$Y$73+$Z$73)*(AA70/$AB$73) -> 13720 | AG70: =(AE70*K70/L70)-AF70 -> 11407.667 | AJ70: =AI70+AH70 -> 0 | AL70: =(AJ70+AK70) -> 0 | AQ70: =AM70+AN70+AO70+AP70 -> 0 | AR70: =Q70-N70 -> 0 | AS70: =AR70+AG70-AL70-AQ70 -> 11407.667
F71: Paddy Straw | G71: 2 | H71: Non-soil | I71: c | J71: a | K71: 44 | L71: 12 | Q71: =O71+P71 -> 0 | R71: 0.049 | S71: 28 | T71: 0 | X71: =W71+V71 -> 0 | Y71: =(R71*S71*AA71) -> 65170 | Z71: =U71+T71 -> 0 | AA71: =9.5*5000 -> 47500 | AB71: =AA71 -> 47500 | AC71: 0.49 | AD71: 0.89 | AE71: =(AA71*AC71*AD71) -> 20714.75 | AF71: =($X$73+$Y$73+$Z$73)*(AA71/$AB$73) -> 65170 | AG71: =(AE71*K71/L71)-AF71 -> 10784.083 | AJ71: =AI71+AH71 -> 0 | AL71: =(AJ71+AK71) -> 0 | AQ71: =AM71+AN71+AO71+AP71 -> 0 | AR71: =Q71-N71 -> 0 | AS71: =AR71+AG71-AL71-AQ71 -> 10784.083
F72: Tree Pruning | G72: 2 | H72: Non-soil | I72: c | J72: a | K72: 44 | L72: 12 | Q72: =O72+P72 -> 0 | R72: 0.049 | S72: 28 | T72: 0 | X72: =W72+V72 -> 0 | Y72: =(R72*S72*AA72) -> 6860 | Z72: =U72+T72 -> 0 | AA72: =1*5000 -> 5000 | AB72: =AA72 -> 5000 | AC72: 0.77 | AD72: 0.89 | AE72: =(AA72*AC72*AD72) -> 3426.5 | AF72: =($X$73+$Y$73+$Z$73)*(AA72/$AB$73) -> 6860 | AG72: =(AE72*K72/L72)-AF72 -> 5703.8333 | AJ72: =AI72+AH72 -> 0 | AL72: =(AJ72+AK72) -> 0 | AQ72: =AM72+AN72+AO72+AP72 -> 0 | AR72: =Q72-N72 -> 0 | AS72: =AR72+AG72-AL72-AQ72 -> 5703.8333
X73: =SUM(X67:X72) -> 0 | Y73: =SUM(Y67:Y72) -> 171500 | Z73: =SUM(Z67:Z72) -> 0 | AB73: =SUM(AA67:AA72) -> 125000
F74: Bamboo Pruning | G74: 2 | H74: Soil | I74: d | J74: a | K74: 44 | L74: 12 | Q74: =O74+P74 -> 0 | R74: 0.049 | S74: 28 | T74: 0 | X74: =W74+V74 -> 0 | Y74: =(R74*S74*AA74) -> 13720 | Z74: =U74+T74 -> 0 | AA74: =2*5000 -> 10000 | AB74: =AA74 -> 10000 | AC74: 0.77 | AD74: 0.89 | AE74: =(AA74*AC74*AD74) -> 6853 | AF74: =($X$80+$Y$80+$Z$80)*(AA74/$AB$80) -> 13720 | AG74: =(AE74*K74/L74)-AF74 -> 11407.667 | AJ74: =AI74+AH74 -> 0 | AL74: =(AJ74+AK74) -> 0 | AQ74: =AM74+AN74+AO74+AP74 -> 0 | AR74: =Q74-N74 -> 0 | AS74: =AR74+AG74-AL74-AQ74 -> 11407.667
F75: Paddy Straw | G75: 2 | H75: Soil | I75: d | J75: a | K75: 44 | L75: 12 | Q75: =O75+P75 -> 0 | R75: 0.049 | S75: 28 | T75: 0 | X75: =W75+V75 -> 0 | Y75: =(R75*S75*AA75) -> 65170 | Z75: =U75+T75 -> 0 | AA75: =9.5*5000 -> 47500 | AB75: =AA75 -> 47500 | AC75: 0.49 | AD75: 0.89 | AE75: =(AA75*AC75*AD75) -> 20714.75 | AF75: =($X$80+$Y$80+$Z$80)*(AA75/$AB$80) -> 65170 | AG75: =(AE75*K75/L75)-AF75 -> 10784.083 | AJ75: =AI75+AH75 -> 0 | AL75: =(AJ75+AK75) -> 0 | AQ75: =AM75+AN75+AO75+AP75 -> 0 | AR75: =Q75-N75 -> 0 | AS75: =AR75+AG75-AL75-AQ75 -> 10784.083
F76: Tree Pruning | G76: 2 | H76: Soil | I76: d | J76: a | K76: 44 | L76: 12 | Q76: =O76+P76 -> 0 | R76: 0.049 | S76: 28 | T76: 0 | X76: =W76+V76 -> 0 | Y76: =(R76*S76*AA76) -> 6860 | Z76: =U76+T76 -> 0 | AA76: =1*5000 -> 5000 | AB76: =AA76 -> 5000 | AC76: 0.77 | AD76: 0.89 | AE76: =(AA76*AC76*AD76) -> 3426.5 | AF76: =($X$80+$Y$80+$Z$80)*(AA76/$AB$80) -> 6860 | AG76: =(AE76*K76/L76)-AF76 -> 5703.8333 | AJ76: =AI76+AH76 -> 0 | AL76: =(AJ76+AK76) -> 0 | AQ76: =AM76+AN76+AO76+AP76 -> 0 | AR76: =Q76-N76 -> 0 | AS76: =AR76+AG76-AL76-AQ76 -> 5703.8333
F77: Bamboo Pruning | G77: 2 | H77: Non-soil | I77: d | J77: a | K77: 44 | L77: 12 | Q77: =O77+P77 -> 0 | R77: 0.049 | S77: 28 | T77: 0 | X77: =W77+V77 -> 0 | Y77: =(R77*S77*AA77) -> 13720 | Z77: =U77+T77 -> 0 | AA77: =2*5000 -> 10000 | AB77: =AA77 -> 10000 | AC77: 0.77 | AD77: 0.89 | AE77: =(AA77*AC77*AD77) -> 6853 | AF77: =($X$80+$Y$80+$Z$80)*(AA77/$AB$80) -> 13720 | AG77: =(AE77*K77/L77)-AF77 -> 11407.667 | AJ77: =AI77+AH77 -> 0 | AL77: =(AJ77+AK77) -> 0 | AQ77: =AM77+AN77+AO77+AP77 -> 0 | AR77: =Q77-N77 -> 0 | AS77: =AR77+AG77-AL77-AQ77 -> 11407.667
F78: Paddy Straw | G78: 2 | H78: Non-soil | I78: d | J78: a | K78: 44 | L78: 12 | Q78: =O78+P78 -> 0 | R78: 0.049 | S78: 28 | T78: 0 | X78: =W78+V78 -> 0 | Y78: =(R78*S78*AA78) -> 65170 | Z78: =U78+T78 -> 0 | AA78: =9.5*5000 -> 47500 | AB78: =AA78 -> 47500 | AC78: 0.49 | AD78: 0.89 | AE78: =(AA78*AC78*AD78) -> 20714.75 | AF78: =($X$80+$Y$80+$Z$80)*(AA78/$AB$80) -> 65170 | AG78: =(AE78*K78/L78)-AF78 -> 10784.083 | AJ78: =AI78+AH78 -> 0 | AL78: =(AJ78+AK78) -> 0 | AQ78: =AM78+AN78+AO78+AP78 -> 0 | AR78: =Q78-N78 -> 0 | AS78: =AR78+AG78-AL78-AQ78 -> 10784.083
F79: Tree Pruning | G79: 2 | H79: Non-soil | I79: d | J79: a | K79: 44 | L79: 12 | Q79: =O79+P79 -> 0 | R79: 0.049 | S79: 28 | T79: 0 | X79: =W79+V79 -> 0 | Y79: =(R79*S79*AA79) -> 6860 | Z79: =U79+T79 -> 0 | AA79: =1*5000 -> 5000 | AB79: =AA79 -> 5000 | AC79: 0.77 | AD79: 0.89 | AE79: =(AA79*AC79*AD79) -> 3426.5 | AF79: =($X$80+$Y$80+$Z$80)*(AA79/$AB$80) -> 6860 | AG79: =(AE79*K79/L79)-AF79 -> 5703.8333 | AJ79: =AI79+AH79 -> 0 | AL79: =(AJ79+AK79) -> 0 | AQ79: =AM79+AN79+AO79+AP79 -> 0 | AR79: =Q79-N79 -> 0 | AS79: =AR79+AG79-AL79-AQ79 -> 5703.8333
F80: Total | X80: =SUM(X74:X79) -> 0 | Y80: =SUM(Y74:Y79) -> 171500 | Z80: =SUM(Z74:Z79) -> 0 | AB80: =SUM(AA74:AA79) -> 125000
F81: https://projecthub-uat.verra.org/project-description/1601
F82: https://projecthub-uat2.verra.org/project-description/13 | AS82: =SUM(AS52:AS79) -> 223164.67

Sheet Lists
A1: Option to calculate Fuel emissions | B1: Applicability
A2: Option A1 | B2: Applicable
A3: Option A2 | B3: Not Applicable
A4: Option B

Sheet Test Data High Tech(April 2025)
A2: Baseline emissions
H5: Table 1: Baseline Emissions at sourcing stage
I6: VM0044
I7: section 8.1.1.
H8: Year | I8: BESS,y
I9: tCO2e
H10: 2020 | I10: =SUMIFS('Data input'!$J$9:$J$15,'Data input'!$I$9:$I$15,H10) -> 0
H11: 2021 | I11: =SUMIFS('Data input'!$J$9:$J$15,'Data input'!$I$9:$I$15,H11) -> 0
H12: 2022 | I12: =SUMIFS('Data input'!$J$9:$J$15,'Data input'!$I$9:$I$15,H12) -> 0
H13: 2023 | I13: =SUMIFS('Data input'!$J$9:$J$15,'Data input'!$I$9:$I$15,H13) -> 0
H14: 2024 | I14: =SUMIFS('Data input'!$J$9:$J$15,'Data input'!$I$9:$I$15,H14) -> 0
H15: 2025 | I15: =SUMIFS('Data input'!$J$9:$J$15,'Data input'!$I$9:$I$15,H15) -> 0
H16: 2026 | I16: =SUMIFS('Data input'!$J$9:$J$15,'Data input'!$I$9:$I$15,H16) -> 0
A18: Project emissions
H20: Table 2: Project emissions at production stage
K21: VM0044
K22: Equation 1
H23: Year | I23: CCt,k,y | J23: PEPS,t,p,y | K23: ERPS,y
I24: tonnes | J24: tCO2e | K24: tCO2e
H25: 2020 | I25: =SUMIFS($O$39:$O$94,$H$39:$H$94,H25) -> 747.9122 | J25: =SUMIFS($N$110:$N$116,$H$110:$H$116,H25) -> 296.22991 | K25: =(I25)*(44/12)-J25 -> 2446.1148
H26: 2021 | I26: =SUMIFS($O$39:$O$94,$H$39:$H$94,H26) -> 767.541 | J26: =SUMIFS($N$110:$N$116,$H$110:$H$116,H26) -> 318.10311 | K26: =(I26)*(44/12)-J26 -> 2496.2139
H27: 2022 | I27: =SUMIFS($O$39:$O$94,$H$39:$H$94,H27) -> 787.3146 | J27: =SUMIFS($N$110:$N$116,$H$110:$H$116,H27) -> 353.94327 | K27: =(I27)*(44/12)-J27 -> 2532.8769
H28: 2023 | I28: =SUMIFS($O$39:$O$94,$H$39:$H$94,H28) -> 807.233 | J28: =SUMIFS($N$110:$N$116,$H$110:$H$116,H28) -> 318.8655 | K28: =(I28)*(44/12)-J28 -> 2640.9888
H29: 2024 | I29: =SUMIFS($O$39:$O$94,$H$39:$H$94,H29) -> 827.2962 | J29: =SUMIFS($N$110:$N$116,$H$110:$H$116,H29) -> 257.67675 | K29: =(I29)*(44/12)-J29 -> 2775.7427
H30: 2025 | I30: =SUMIFS($O$39:$O$94,$H$39:$H$94,H30) -> 847.5042 | J30: =SUMIFS($N$110:$N$116,$H$110:$H$116,H30) -> 316.41715 | K30: =(I30)*(44/12)-J30 -> 2791.0982
H31: 2026 | I31: =SUMIFS($O$39:$O$94,$H$39:$H$94,H31) -> 867.857 | J31: =SUMIFS($N$110:$N$116,$H$110:$H$116,H31) -> 448.12778 | K31: =(I31)*(44/12)-J31 -> 2734.0146
H34: Table 3: Estimation of total organic carbon content on a dry weight basis attributable to the project activity for High Tech facilities
O35: VM0044
O36: Equation 2 | P36: Use equation 6 for low tech production
H37: Year | I37: Biochar Type (t) | J37: Application Type (k) | K37: Production Facility (p) | L37: Mt,k,p,y | M37: FCp,t,p | N37: PRde,k | O37: CCt,k,y
L38: tonnes | M38: Percent | O38: tonnes
H39: 2020 | I39: Bamboo Pruning | J39: Soil | K39: PF1 | L39: =SUMIFS('Data input'!$M$23:$M$78,'Data input'!$I$23:$I$78,H39,'Data input'!$J$23:$J$78,I39,'Data input'!$K$23:$K$78,J39,'Data input'!$L$23:$L$78,K39) -> 200 | M39: {=_xlfn.XLOOKUP(H39&I39&K39,'Data input'!$I$83:$I$110&'Data input'!$J$83:$J$110&'Data input'!$K$83:$K$110,'Data input'!$L$83:$L$110)} -> 0.35 | N39: =_xlfn.XLOOKUP(J39,'Data input'!$I$115:$I$116,'Data input'!$J$115:$J$116) -> 0.89 | O39: =L39*M39*N39 -> 62.3
H40: 2021 | I40: Bamboo Pruning | J40: Soil | K40: PF1 | L40: =SUMIFS('Data input'!$M$23:$M$78,'Data input'!$I$23:$I$78,H40,'Data input'!$J$23:$J$78,I40,'Data input'!$K$23:$K$78,J40,'Data input'!$L$23:$L$78,K40) -> 201 | M40: {=_xlfn.XLOOKUP(H40&I40&K40,'Data input'!$I$83:$I$110&'Data input'!$J$83:$J$110&'Data input'!$K$83:$K$110,'Data input'!$L$83:$L$110)} -> 0.36 | N40: =_xlfn.XLOOKUP(J40,'Data input'!$I$115:$I$116,'Data input'!$J$115:$J$116) -> 0.89 | O40: =L40*M40*N40 -> 64.4004
H41: 2022 | I41: Bamboo Pruning | J41: Soil | K41: PF1 | L41: =SUMIFS('Data input'!$M$23:$M$78,'Data input'!$I$23:$I$78,H41,'Data input'!$J$23:$J$78,I41,'Data input'!$K$23:$K$78,J41,'Data input'!$L$23:$L$78,K41) -> 202 | M41: {=_xlfn.XLOOKUP(H41&I41&K41,'Data input'!$I$83:$I$110&'Data input'!$J$83:$J$110&'Data input'!$K$83:$K$110,'Data input'!$L$83:$L$110)} -> 0.37 | N41: =_xlfn.XLOOKUP(J41,'Data input'!$I$115:$I$116,'Data input'!$J$115:$J$116) -> 0.89 | O41: =L41*M41*N41 -> 66.5186
H42: 2023 | I42: Bamboo Pruning | J42: Soil | K42: PF1 | L42: =SUMIFS('Data input'!$M$23:$M$78,'Data input'!$I$23:$I$78,H42,'Data input'!$J$23:$J$78,I42,'Data input'!$K$23:$K$78,J42,'Data input'!$L$23:$L$78,K42) -> 203 | M42: {=_xlfn.XLOOKUP(H42&I42&K42,'Data input'!$I$83:$I$110&'Data input'!$J$83:$J$110&'Data input'!$K$83:$K$110,'Data input'!$L$83:$L$110)} -> 0.38 | N42: =_xlfn.XLOOKUP(J42,'Data input'!$I$115:$I$116,'Data input'!$J$115:$J$116) -> 0.89 | O42: =L42*M42*N42 -> 68.6546
H43: 2024 | I43: Bamboo Pruning | J43: Soil | K43: PF1 | L43: =SUMIFS('Data input'!$M$23:$M$78,'Data input'!$I$23:$I$78,H43,'Data input'!$J$23:$J$78,I43,'Data input'!$K$23:$K$78,J43,'Data input'!$L$23:$L$78,K43) -> 204 | M43: {=_xlfn.XLOOKUP(H43&I43&K43,'Data input'!$I$83:$I$110&'Data input'!$J$83:$J$110&'Data input'!$K$83:$K$110,'Data input'!$L$83:$L$110)} -> 0.39 | N43: =_xlfn.XLOOKUP(J43,'Data input'!$I$115:$I$116,'Data input'!$J$115:$J$116) -> 0.89 | O43: =L43*M43*N43 -> 70.8084
H44: 2025 | I44: Bamboo Pruning | J44: Soil | K44: PF1 | L44: =SUMIFS('Data input'!$M$23:$M$78,'Data input'!$I$23:$I$78,H44,'Data input'!$J$23:$J$78,I44,'Data input'!$K$23:$K$78,J44,'Data input'!$L$23:$L$78,K44) -> 205 | M44: {=_xlfn.XLOOKUP(H44&I44&K44,'Data input'!$I$83:$I$110&'Data input'!$J$83:$J$110&'Data input'!$K$83:$K$110,'Data input'!$L$83:$L$110)} -> 0.4 | N44: =_xlfn.XLOOKUP(J44,'Data input'!$I$115:$I$116,'Data input'!$J$115:$J$116) -> 0.89 | O44: =L44*M44*N44 -> 72.98
H45: 2026 | I45: Bamboo Pruning | J45: Soil | K45: PF1 | L45: =SUMIFS('Data input'!$M$23:$M$78,'Data input'!$I$23:$I$78,H45,'Data input'!$J$23:$J$78,I45,'Data input'!$K$23:$K$78,J45,'Data input'!$L$23:$L$78,K45) -> 206 | M45: {=_xlfn.XLOOKUP(H45&I45&K45,'Data input'!$I$83:$I$110&'Data input'!$J$83:$J$110&'Data input'!$K$83:$K$110,'Data input'!$L$83:$L$110)} -> 0.41 | N45: =_xlfn.XLOOKUP(J45,'Data input'!$I$115:$I$116,'Data input'!$J$115:$J$116) -> 0.89 | O45: =L45*M45*N45 -> 75.1694
H46: 2020 | I46: Paddy Straw | J46: Soil | K46: PF1 | L46: =SUMIFS('Data input'!$M$23:$M$78,'Data input'!$I$23:$I$78,H46,'Data input'!$J$23:$J$78,I46,'Data input'!$K$23:$K$78,J46,'Data input'!$L$23:$L$78,K46) -> 207 | M46: {=_xlfn.XLOOKUP(H46&I46&K46,'Data input'!$I$83:$I$110&'Data input'!$J$83:$J$110&'Data input'!$K$83:$K$110,'Data input'!$L$83:$L$110)} -> 0.42 | N46: =_xlfn.XLOOKUP(J46,'Data input'!$I$115:$I$116,'Data input'!$J$115:$J$116) -> 0.89 | O46: =L46*M46*N46 -> 77.3766
H47: 2021 | I47: Paddy Straw | J47: Soil | K47: PF1 | L47: =SUMIFS('Data input'!$M$23:$M$78,'Data input'!$I$23:$I$78,H47,'Data input'!$J$23:$J$78,I47,'Data input'!$K$23:$K$78,J47,'Data input'!$L$23:$L$78,K47) -> 208 | M47: {=_xlfn.XLOOKUP(H47&I47&K47,'Data input'!$I$83:$I$110&'Data input'!$J$83:$J$110&'Data input'!$K$83:$K$110,'Data input'!$L$83:$L$110)} -> 0.43 | N47: =_xlfn.XLOOKUP(J47,'Data input'!$I$115:$I$116,'Data input'!$J$115:$J$116) -> 0.89 | O47: =L47*M47*N47 -> 79.6016
H48: 2022 | I48: Paddy Straw | J48: Soil | K48: PF1 | L48: =SUMIFS('Data input'!$M$23:$M$78,'Data input'!$I$23:$I$78,H48,'Data input'!$J$23:$J$78,I48,'Data input'!$K$23:$K$78,J48,'Data input'!$L$23:$L$78,K48) -> 209 | M48: {=_xlfn.XLOOKUP(H48&I48&K48,'Data input'!$I$83:$I$110&'Data input'!$J$83:$J$110&'Data input'!$K$83:$K$110,'Data input'!$L$83:$L$110)} -> 0.44 | N48: =_xlfn.XLOOKUP(J48,'Data input'!$I$115:$I$116,'Data input'!$J$115:$J$116) -> 0.89 | O48: =L48*M48*N48 -> 81.8444
H49: 2023 | I49: Paddy Straw | J49: Soil | K49: PF1 | L49: =SUMIFS('Data input'!$M$23:$M$78,'Data input'!$I$23:$I$78,H49,'Data input'!$J$23:$J$78,I49,'Data input'!$K$23:$K$78,J49,'Data input'!$L$23:$L$78,K49) -> 210 | M49: {=_xlfn.XLOOKUP(H49&I49&K49,'Data input'!$I$83:$I$110&'Data input'!$J$83:$J$110&'Data input'!$K$83:$K$110,'Data input'!$L$83:$L$110)} -> 0.45 | N49: =_xlfn.XLOOKUP(J49,'Data input'!$I$115:$I$116,'Data input'!$J$115:$J$116) -> 0.89 | O49: =L49*M49*N49 -> 84.105
H50: 2024 | I50: Paddy Straw | J50: Soil | K50: PF1 | L50: =SUMIFS('Data input'!$M$23:$M$78,'Data input'!$I$23:$I$78,H50,'Data input'!$J$23:$J$78,I50,'Data input'!$K$23:$K$78,J50,'Data input'!$L$23:$L$78,K50) -> 211 | M50: {=_xlfn.XLOOKUP(H50&I50&K50,'Data input'!$I$83:$I$110&'Data input'!$J$83:$J$110&'Data input'!$K$83:$K$110,'Data input'!$L$83:$L$110)} -> 0.46 | N50: =_xlfn.XLOOKUP(J50,'Data input'!$I$115:$I$116,'Data input'!$J$115:$J$116) -> 0.89 | O50: =L50*M50*N50 -> 86.3834
... H94: 2026 | I94: Paddy Straw | J94: Non-soil | K94: PF2 | L94: =SUMIFS('Data input'!$M$23:$M$78,'Data input'!$I$23:$I$78,H94,'Data input'!$J$23:$J$78,I94,'Data input'!$K$23:$K$78,J94,'Data input'!$L$23:$L$78,K94) -> 255 | M94: {=_xlfn.XLOOKUP(H94&I94&K94,'Data input'!$I$83:$I$110&'Data input'!$J$83:$J$110&'Data input'!$K$83:$K$110,'Data input'!$L$83:$L$110)} -> 0.62 | N94: =_xlfn.XLOOKUP(J94,'Data input'!$I$115:$I$116,'Data input'!$J$115:$J$116) -> 0.92 | O94: =L94*M94*N94 -> 145.452
L95: =SUM(L39:L94) -> 12740
O97: Applicable
H98: EMVIGO: create a dropdown in UI, ask user "Select sources of project emissions", user should be able to select more than one options. | O98: Not Applicable
H99: There are multiple sources of project emissions from high technology production facilities, select all applicable sources
H100: Pre-treatment of waste biomass | I100: PED,p,y | J100: Applicable
H101: Conversion of waste biomass into biochar | I101: PEP,p,y | J101: Applicable
H102: Utilization of auxiliary energy for pyrolysis | I102: PEC,p,y | J102: Applicable
H105: Table 4: Estimation of project emissions (PEPS,p,y) for high technology production facilities
N106: VM0044
N107: Equation 3 | O107: Use equation 7 for low tech production
H108: Year | I108: PED,p,y | J108: PEP,p,y | K108: PEC,p,y | L108: Mt,k,p,y | M108: Mp,y | N108: PEPS,t,p,y
I109: tCO2e | J109: tCO2e | K109: tCO2e | L109: tonnes | M109: tonnes | N109: tCO2e
H110: 2020 | I110: =IF($J$100="applicable", SUMIFS($K$130:$K$136, $H$130:$H$136, H110), 0) -> 61.098669 | J110: =IF($J$101="applicable", SUMIFS($I$146:$I$152, $H$146:$H$152, H110), 0) -> 0 | K110: =IF($J$102="applicable", SUMIFS($K$167:$K$173, $H$167:$H$173, H110), 0) -> 235.13125 | L110: =SUMIFS('Data input'!$M$23:$M$78,'Data input'!$I$23:$I$78,H110) -> 1796 | M110: =SUMIFS('Data input'!$K$125:$K$138,'Data input'!$I$125:$I$138,H110) -> 1796 | N110: =(I110+J110+K110)*(L110/M110) -> 296.22991
H111: 2021 | I111: =IF($J$100="applicable", SUMIFS($K$130:$K$136, $H$130:$H$136, H111), 0) -> 52.25658 | J111: =IF($J$101="applicable", SUMIFS($I$146:$I$152, $H$146:$H$152, H111), 0) -> 0 | K111: =IF($J$102="applicable", SUMIFS($K$167:$K$173, $H$167:$H$173, H111), 0) -> 265.84653 | L111: =SUMIFS('Data input'!$M$23:$M$78,'Data input'!$I$23:$I$78,H111) -> 1804 | M111: =SUMIFS('Data input'!$K$125:$K$138,'Data input'!$I$125:$I$138,H111) -> 1804 | N111: =(I111+J111+K111)*(L111/M111) -> 318.10311
H112: 2022 | I112: =IF($J$100="applicable", SUMIFS($K$130:$K$136, $H$130:$H$136, H112), 0) -> 55.456343 | J112: =IF($J$101="applicable", SUMIFS($I$146:$I$152, $H$146:$H$152, H112), 0) -> 0 | K112: =IF($J$102="applicable", SUMIFS($K$167:$K$173, $H$167:$H$173, H112), 0) -> 298.48693 | L112: =SUMIFS('Data input'!$M$23:$M$78,'Data input'!$I$23:$I$78,H112) -> 1812 | M112: =SUMIFS('Data input'!$K$125:$K$138,'Data input'!$I$125:$I$138,H112) -> 1812 | N112: =(I112+J112+K112)*(L112/M112) -> 353.94327
H113: 2023 | I113: =IF($J$100="applicable", SUMIFS($K$130:$K$136, $H$130:$H$136, H113), 0) -> 63.555388 | J113: =IF($J$101="applicable", SUMIFS($I$146:$I$152, $H$146:$H$152, H113), 0) -> 0 | K113: =IF($J$102="applicable", SUMIFS($K$167:$K$173, $H$167:$H$173, H113), 0) -> 255.31011 | L113: =SUMIFS('Data input'!$M$23:$M$78,'Data input'!$I$23:$I$78,H113) -> 1820 | M113: =SUMIFS('Data input'!$K$125:$K$138,'Data input'!$I$125:$I$138,H113) -> 1820 | N113: =(I113+J113+K113)*(L113/M113) -> 318.8655
H114: 2024 | I114: =IF($J$100="applicable", SUMIFS($K$130:$K$136, $H$130:$H$136, H114), 0) -> 61.170472 | J114: =IF($J$101="applicable", SUMIFS($I$146:$I$152, $H$146:$H$152, H114), 0) -> 0 | K114: =IF($J$102="applicable", SUMIFS($K$167:$K$173, $H$167:$H$173, H114), 0) -> 196.50628 | L114: =SUMIFS('Data input'!$M$23:$M$78,'Data input'!$I$23:$I$78,H114) -> 1828 | M114: =SUMIFS('Data input'!$K$125:$K$138,'Data input'!$I$125:$I$138,H114) -> 1828 | N114: =(I114+J114+K114)*(L114/M114) -> 257.67675
H115: 2025 | I115: =IF($J$100="applicable", SUMIFS($K$130:$K$136, $H$130:$H$136, H115), 0) -> 61.1081 | J115: =IF($J$101="applicable", SUMIFS($I$146:$I$152, $H$146:$H$152, H115), 0) -> 0 | K115: =IF($J$102="applicable", SUMIFS($K$167:$K$173, $H$167:$H$173, H115), 0) -> 255.30905 | L115: =SUMIFS('Data input'!$M$23:$M$78,'Data input'!$I$23:$I$78,H115) -> 1836 | M115: =SUMIFS('Data input'!$K$125:$K$138,'Data input'!$I$125:$I$138,H115) -> 1836 | N115: =(I115+J115+K115)*(L115/M115) -> 316.41715
H116: 2026 | I116: =IF($J$100="applicable", SUMIFS($K$130:$K$136, $H$130:$H$136, H116), 0) -> 68.482238 | J116: =IF($J$101="applicable", SUMIFS($I$146:$I$152, $H$146:$H$152, H116), 0) -> 0 | K116: =IF($J$102="applicable", SUMIFS($K$167:$K$173, $H$167:$H$173, H116), 0) -> 379.64554 | L116: =SUMIFS('Data input'!$M$23:$M$78,'Data input'!$I$23:$I$78,H116) -> 1844 | M116: =SUMIFS('Data input'!$K$125:$K$138,'Data input'!$I$125:$I$138,H116) -> 1844 | N116: =(I116+J116+K116)*(L116/M116) -> 448.12778
L117: =SUM(L110:L116) -> 12740 | M117: =SUM(M110:M116) -> 12740
H120: EMVIGO: create a dropdown in UI, ask user "Select sources of emissions from pre-treatment of feedstock", user should be able to select more than one options.
H121: Select sources of emissions from pre-treatment of feedstock
H122: Electricity | I122: Applicable
H123: Fossil Fuel | I123: Applicable
B125: Pre-treatment | H125: Table 5: Determination of emissions associated with pre-treatment of feedstock at high tech production facility p in year y
I126: TOOL 05 | J126: TOOL 03 | K126: VM0044
I127: Equation 1 | J127: Equation 1 | K127: Equation 4 | L127: Use equation 8 for low tech production
H128: Year | I128: PEDE,p,y | J128: PEDF,p,y | K128: PED,p,y
I129: tCO2e | J129: tCO2e | K129: tCO2e
H130: 2020 | I130: =IF($I$122="applicable", SUMIFS('Tool 05 Calcs'!$G$11:$G$17, 'Tool 05 Calcs'!$E$11:$E$17, H130), 0) -> 22.013102 | J130: =IF($I$123="applicable", SUMIFS('Tool 03 Calcs'!$G$21:$G$27, 'Tool 03 Calcs'!$F$21:$F$27, H130), 0) -> 39.085567 | K130: =I130+J130 -> 61.098669
H131: 2021 | I131: =IF($I$122="applicable", SUMIFS('Tool 05 Calcs'!$G$11:$G$17, 'Tool 05 Calcs'!$E$11:$E$17, H131), 0) -> 23.531913 | J131: =IF($I$123="applicable", SUMIFS('Tool 03 Calcs'!$G$21:$G$27, 'Tool 03 Calcs'!$F$21:$F$27, H131), 0) -> 28.724667 | K131: =I131+J131 -> 52.25658
H132: 2022 | I132: =IF($I$122="applicable", SUMIFS('Tool 05 Calcs'!$G$11:$G$17, 'Tool 05 Calcs'!$E$11:$E$17, H132), 0) -> 24.870843 | J132: =IF($I$123="applicable", SUMIFS('Tool 03 Calcs'!$G$21:$G$27, 'Tool 03 Calcs'!$F$21:$F$27, H132), 0) -> 30.5855 | K132: =I132+J132 -> 55.456343
H133: 2023 | I133: =IF($I$122="applicable", SUMIFS('Tool 05 Calcs'!$G$11:$G$17, 'Tool 05 Calcs'!$E$11:$E$17, H133), 0) -> 26.230922 | J133: =IF($I$123="applicable", SUMIFS('Tool 03 Calcs'!$G$21:$G$27, 'Tool 03 Calcs'!$F$21:$F$27, H133), 0) -> 37.324467 | K133: =I133+J133 -> 63.555388
H134: 2024 | I134: =IF($I$122="applicable", SUMIFS('Tool 05 Calcs'!$G$11:$G$17, 'Tool 05 Calcs'!$E$11:$E$17, H134), 0) -> 27.716905 | J134: =IF($I$123="applicable", SUMIFS('Tool 03 Calcs'!$G$21:$G$27, 'Tool 03 Calcs'!$F$21:$F$27, H134), 0) -> 33.453567 | K134: =I134+J134 -> 61.170472
H135: 2025 | I135: =IF($I$122="applicable", SUMIFS('Tool 05 Calcs'!$G$11:$G$17, 'Tool 05 Calcs'!$E$11:$E$17, H135), 0) -> 29.1839 | J135: =IF($I$123="applicable", SUMIFS('Tool 03 Calcs'!$G$21:$G$27, 'Tool 03 Calcs'!$F$21:$F$27, H135), 0) -> 31.9242 | K135: =I135+J135 -> 61.1081
H136: 2026 | I136: =IF($I$122="applicable", SUMIFS('Tool 05 Calcs'!$G$11:$G$17, 'Tool 05 Calcs'!$E$11:$E$17, H136), 0) -> 30.673405 | J136: =IF($I$123="applicable", SUMIFS('Tool 03 Calcs'!$G$21:$G$27, 'Tool 03 Calcs'!$F$21:$F$27, H136), 0) -> 37.808833 | K136: =I136+J136 -> 68.482238
I137: =SUM(I130:I136) -> 184.22099 | J137: =SUM(J130:J136) -> 238.9068 | K137: =SUM(K130:K136) -> 423.12779
B141: Thermo-chemical processing | H141: Table 6: Calculation of emissions associated with the thermochemical process at high tech production facility p in year y for high technology facilities
I142: VM0044
I143: Section 8.2.2.1 | J143: Use equation 9 for low tech production
H144: Year | I144: PEP,p,y
I145: tCO2e
H146: 2020 | I146: =SUMIFS('Data input'!$J$150:$J$156,'Data input'!$I$150:$I$156,H146) -> 0
H147: 2021 | I147: =SUMIFS('Data input'!$J$150:$J$156,'Data input'!$I$150:$I$156,H147) -> 0
H148: 2022 | I148: =SUMIFS('Data input'!$J$150:$J$156,'Data input'!$I$150:$I$156,H148) -> 0
H149: 2023 | I149: =SUMIFS('Data input'!$J$150:$J$156,'Data input'!$I$150:$I$156,H149) -> 0
H150: 2024 | I150: =SUMIFS('Data input'!$J$150:$J$156,'Data input'!$I$150:$I$156,H150) -> 0
H151: 2025 | I151: =SUMIFS('Data input'!$J$150:$J$156,'Data input'!$I$150:$I$156,H151) -> 0
H152: 2026 | I152: =SUMIFS('Data input'!$J$150:$J$156,'Data input'!$I$150:$I$156,H152) -> 0
C155: use of auxiliary energy
H156: EMVIGO: create a dropdown in UI, ask user "Select sources of emissions from utilization of auxiliary energy for pyrolysis", user should be able to select more than one options.
H157: Select sources of emissions from utilization of auxiliary energy for pyrolysis
H158: Electricity | I158: Applicable
H159: Fossil Fuel | I159: Applicable
H162: Table 7: Emissions due to the utilization of auxiliary energy for the purpose of pyrolysis at high tech production facility p in year y
I163: TOOL 05 | J163: TOOL 03 | K163: VM0044
...

Sheet Test Data low Tech (April 2025)
B2: Baseline emissions
H4: Table 14: Baseline Emissions at sourcing stage
I5: VM0044
I6: section 8.1.1.
H7: Year | I7: BESS,y
I8: tCO2e
H9: 2020 | I9: =SUMIFS('Data input'!$J$255:$J$261,'Data input'!$I$255:$I$261,H9) -> 0
H10: 2021 | I10: =SUMIFS('Data input'!$J$255:$J$261,'Data input'!$I$255:$I$261,H10) -> 0
H11: 2022 | I11: =SUMIFS('Data input'!$J$255:$J$261,'Data input'!$I$255:$I$261,H11) -> 0
H12: 2023 | I12: =SUMIFS('Data input'!$J$255:$J$261,'Data input'!$I$255:$I$261,H12) -> 0
H13: 2024 | I13: =SUMIFS('Data input'!$J$255:$J$261,'Data input'!$I$255:$I$261,H13) -> 0
H14: 2025 | I14: =SUMIFS('Data input'!$J$255:$J$261,'Data input'!$I$255:$I$261,H14) -> 0
H15: 2026 | I15: =SUMIFS('Data input'!$J$255:$J$261,'Data input'!$I$255:$I$261,H15) -> 0
I16: =SUM(I9:I15) -> 0
B18: Project emissions
H20: Table 15: Project emissions at production stage
K21: VM0044
K22: Equation 1
H23: Year | I23: CCt,k,y | J23: PEPS,t,p,y | K23: ERPS,y
I24: tonnes | J24: tCO2e | K24: tCO2e
H25: 2020 | I25: =SUMIFS($O$39:$O$94,$H$39:$H$94,H25) -> 747.9122 | J25: =SUMIFS($N$110:$N$116,$H$110:$H$116,H25) -> 2982.4799 | K25: =(I25)*(44/12)-J25 -> -240.13518
H26: 2021 | I26: =SUMIFS($O$39:$O$94,$H$39:$H$94,H26) -> 767.541 | J26: =SUMIFS($N$110:$N$116,$H$110:$H$116,H26) -> 3061.3531 | K26: =(I26)*(44/12)-J26 -> -247.03611
H27: 2022 | I27: =SUMIFS($O$39:$O$94,$H$39:$H$94,H27) -> 787.3146 | J27: =SUMIFS($N$110:$N$116,$H$110:$H$116,H27) -> 3154.5933 | K27: =(I27)*(44/12)-J27 -> -267.77307
H28: 2023 | I28: =SUMIFS($O$39:$O$94,$H$39:$H$94,H28) -> 807.233 | J28: =SUMIFS($N$110:$N$116,$H$110:$H$116,H28) -> 3177.3155 | K28: =(I28)*(44/12)-J28 -> -217.46116
H29: 2024 | I29: =SUMIFS($O$39:$O$94,$H$39:$H$94,H29) -> 827.2962 | J29: =SUMIFS($N$110:$N$116,$H$110:$H$116,H29) -> 3174.3267 | K29: =(I29)*(44/12)-J29 -> -140.90735
H30: 2025 | I30: =SUMIFS($O$39:$O$94,$H$39:$H$94,H30) -> 847.5042 | J30: =SUMIFS($N$110:$N$116,$H$110:$H$116,H30) -> 3291.6672 | K30: =(I30)*(44/12)-J30 -> -184.15175
H31: 2026 | I31: =SUMIFS($O$39:$O$94,$H$39:$H$94,H31) -> 867.857 | J31: =SUMIFS($N$110:$N$116,$H$110:$H$116,H31) -> 3482.3778 | K31: =(I31)*(44/12)-J31 -> -300.23544
H34: Table 16: Estimation of total organic carbon content on a dry weight basis attributable to the project activity for low Tech facilities
O35: VM0044
O36: Equation 6 | P36: Use equation 2 for high tech production
H37: Year | I37: Biochar Type (t) | J37: Application Type (k) | K37: Production Facility (p) | L37: Mt,k,p,y | M37: FCp,t,p | N37: PRde,k | O37: CCt,k,y
L38: tonnes | M38: Percent | O38: tonnes
H39: 2020 | I39: Bamboo Pruning | J39: Soil | K39: PF1 | L39: =SUMIFS('Data input'!$M$269:$M$324,'Data input'!$I$269:$I$324,H39,'Data input'!$J$269:$J$324,I39,'Data input'!$K$269:$K$324,J39,'Data input'!$L$269:$L$324,K39) -> 200 | M39: {=_xlfn.XLOOKUP(H39&I39&K39,'Data input'!$I$329:$I$356&'Data input'!$J$329:$J$356&'Data input'!$K$329:$K$356,'Data input'!$L$329:$L$356)} -> 0.35 | N39: =_xlfn.XLOOKUP(J39,'Data input'!$I$361:$I$362,'Data input'!$J$361:$J$362) -> 0.89 | O39: =L39*M39*N39 -> 62.3
H40: 2021 | I40: Bamboo Pruning | J40: Soil | K40: PF1 | L40: =SUMIFS('Data input'!$M$269:$M$324,'Data input'!$I$269:$I$324,H40,'Data input'!$J$269:$J$324,I40,'Data input'!$K$269:$K$324,J40,'Data input'!$L$269:$L$324,K40) -> 201 | M40: {=_xlfn.XLOOKUP(H40&I40&K40,'Data input'!$I$329:$I$356&'Data input'!$J$329:$J$356&'Data input'!$K$329:$K$356,'Data input'!$L$329:$L$356)} -> 0.36 | N40: =_xlfn.XLOOKUP(J40,'Data input'!$I$361:$I$362,'Data input'!$J$361:$J$362) -> 0.89 | O40: =L40*M40*N40 -> 64.4004
H41: 2022 | I41: Bamboo Pruning | J41: Soil | K41: PF1 | L41: =SUMIFS('Data input'!$M$269:$M$324,'Data input'!$I$269:$I$324,H41,'Data input'!$J$269:$J$324,I41,'Data input'!$K$269:$K$324,J41,'Data input'!$L$269:$L$324,K41) -> 202 | M41: {=_xlfn.XLOOKUP(H41&I41&K41,'Data input'!$I$329:$I$356&'Data input'!$J$329:$J$356&'Data input'!$K$329:$K$356,'Data input'!$L$329:$L$356)} -> 0.37 | N41: =_xlfn.XLOOKUP(J41,'Data input'!$I$361:$I$362,'Data input'!$J$361:$J$362) -> 0.89 | O41: =L41*M41*N41 -> 66.5186
H42: 2023 | I42: Bamboo Pruning | J42: Soil | K42: PF1 | L42: =SUMIFS('Data input'!$M$269:$M$324,'Data input'!$I$269:$I$324,H42,'Data input'!$J$269:$J$324,I42,'Data input'!$K$269:$K$324,J42,'Data input'!$L$269:$L$324,K42) -> 203 | M42: {=_xlfn.XLOOKUP(H42&I42&K42,'Data input'!$I$329:$I$356&'Data input'!$J$329:$J$356&'Data input'!$K$329:$K$356,'Data input'!$L$329:$L$356)} -> 0.38 | N42: =_xlfn.XLOOKUP(J42,'Data input'!$I$361:$I$362,'Data input'!$J$361:$J$362) -> 0.89 | O42: =L42*M42*N42 -> 68.6546
H43: 2024 | I43: Bamboo Pruning | J43: Soil | K43: PF1 | L43: =SUMIFS('Data input'!$M$269:$M$324,'Data input'!$I$269:$I$324,H43,'Data input'!$J$269:$J$324,I43,'Data input'!$K$269:$K$324,J43,'Data input'!$L$269:$L$324,K43) -> 204 | M43: {=_xlfn.XLOOKUP(H43&I43&K43,'Data input'!$I$329:$I$356&'Data input'!$J$329:$J$356&'Data input'!$K$329:$K$356,'Data input'!$L$329:$L$356)} -> 0.39 | N43: =_xlfn.XLOOKUP(J43,'Data input'!$I$361:$I$362,'Data input'!$J$361:$J$362) -> 0.89 | O43: =L43*M43*N43 -> 70.8084
H44: 2025 | I44: Bamboo Pruning | J44: Soil | K44: PF1 | L44: =SUMIFS('Data input'!$M$269:$M$324,'Data input'!$I$269:$I$324,H44,'Data input'!$J$269:$J$324,I44,'Data input'!$K$269:$K$324,J44,'Data input'!$L$269:$L$324,K44) -> 205 | M44: {=_xlfn.XLOOKUP(H44&I44&K44,'Data input'!$I$329:$I$356&'Data input'!$J$329:$J$356&'Data input'!$K$329:$K$356,'Data input'!$L$329:$L$356)} -> 0.4 | N44: =_xlfn.XLOOKUP(J44,'Data input'!$I$361:$I$362,'Data input'!$J$361:$J$362) -> 0.89 | O44: =L44*M44*N44 -> 72.98
H45: 2026 | I45: Bamboo Pruning | J45: Soil | K45: PF1 | L45: =SUMIFS('Data input'!$M$269:$M$324,'Data input'!$I$269:$I$324,H45,'Data input'!$J$269:$J$324,I45,'Data input'!$K$269:$K$324,J45,'Data input'!$L$269:$L$324,K45) -> 206 | M45: {=_xlfn.XLOOKUP(H45&I45&K45,'Data input'!$I$329:$I$356&'Data input'!$J$329:$J$356&'Data input'!$K$329:$K$356,'Data input'!$L$329:$L$356)} -> 0.41 | N45: =_xlfn.XLOOKUP(J45,'Data input'!$I$361:$I$362,'Data input'!$J$361:$J$362) -> 0.89 | O45: =L45*M45*N45 -> 75.1694
H46: 2020 | I46: Paddy Straw | J46: Soil | K46: PF1 | L46: =SUMIFS('Data input'!$M$269:$M$324,'Data input'!$I$269:$I$324,H46,'Data input'!$J$269:$J$324,I46,'Data input'!$K$269:$K$324,J46,'Data input'!$L$269:$L$324,K46) -> 207 | M46: {=_xlfn.XLOOKUP(H46&I46&K46,'Data input'!$I$329:$I$356&'Data input'!$J$329:$J$356&'Data input'!$K$329:$K$356,'Data input'!$L$329:$L$356)} -> 0.42 | N46: =_xlfn.XLOOKUP(J46,'Data input'!$I$361:$I$362,'Data input'!$J$361:$J$362) -> 0.89 | O46: =L46*M46*N46 -> 77.3766
H47: 2021 | I47: Paddy Straw | J47: Soil | K47: PF1 | L47: =SUMIFS('Data input'!$M$269:$M$324,'Data input'!$I$269:$I$324,H47,'Data input'!$J$269:$J$324,I47,'Data input'!$K$269:$K$324,J47,'Data input'!$L$269:$L$324,K47) -> 208 | M47: {=_xlfn.XLOOKUP(H47&I47&K47,'Data input'!$I$329:$I$356&'Data input'!$J$329:$J$356&'Data input'!$K$329:$K$356,'Data input'!$L$329:$L$356)} -> 0.43 | N47: =_xlfn.XLOOKUP(J47,'Data input'!$I$361:$I$362,'Data input'!$J$361:$J$362) -> 0.89 | O47: =L47*M47*N47 -> 79.6016
H48: 2022 | I48: Paddy Straw | J48: Soil | K48: PF1 | L48: =SUMIFS('Data input'!$M$269:$M$324,'Data input'!$I$269:$I$324,H48,'Data input'!$J$269:$J$324,I48,'Data input'!$K$269:$K$324,J48,'Data input'!$L$269:$L$324,K48) -> 209 | M48: {=_xlfn.XLOOKUP(H48&I48&K48,'Data input'!$I$329:$I$356&'Data input'!$J$329:$J$356&'Data input'!$K$329:$K$356,'Data input'!$L$329:$L$356)} -> 0.44 | N48: =_xlfn.XLOOKUP(J48,'Data input'!$I$361:$I$362,'Data input'!$J$361:$J$362) -> 0.89 | O48: =L48*M48*N48 -> 81.8444
H49: 2023 | I49: Paddy Straw | J49: Soil | K49: PF1 | L49: =SUMIFS('Data input'!$M$269:$M$324,'Data input'!$I$269:$I$324,H49,'Data input'!$J$269:$J$324,I49,'Data input'!$K$269:$K$324,J49,'Data input'!$L$269:$L$324,K49) -> 210 | M49: {=_xlfn.XLOOKUP(H49&I49&K49,'Data input'!$I$329:$I$356&'Data input'!$J$329:$J$356&'Data input'!$K$329:$K$356,'Data input'!$L$329:$L$356)} -> 0.45 | N49: =_xlfn.XLOOKUP(J49,'Data input'!$I$361:$I$362,'Data input'!$J$361:$J$362) -> 0.89 | O49: =L49*M49*N49 -> 84.105
H50: 2024 | I50: Paddy Straw | J50: Soil | K50: PF1 | L50: =SUMIFS('Data input'!$M$269:$M$324,'Data input'!$I$269:$I$324,H50,'Data input'!$J$269:$J$324,I50,'Data input'!$K$269:$K$324,J50,'Data input'!$L$269:$L$324,K50) -> 211 | M50: {=_xlfn.XLOOKUP(H50&I50&K50,'Data input'!$I$329:$I$356&'Data input'!$J$329:$J$356&'Data input'!$K$329:$K$356,'Data input'!$L$329:$L$356)} -> 0.46 | N50: =_xlfn.XLOOKUP(J50,'Data input'!$I$361:$I$362,'Data input'!$J$361:$J$362) -> 0.89 | O50: =L50*M50*N50 -> 86.3834
... H94: 2026 | I94: Paddy Straw | J94: Non-soil | K94: PF2 | L94: =SUMIFS('Data input'!$M$269:$M$324,'Data input'!$I$269:$I$324,H94,'Data input'!$J$269:$J$324,I94,'Data input'!$K$269:$K$324,J94,'Data input'!$L$269:$L$324,K94) -> 255 | M94: {=_xlfn.XLOOKUP(H94&I94&K94,'Data input'!$I$329:$I$356&'Data input'!$J$329:$J$356&'Data input'!$K$329:$K$356,'Data input'!$L$329:$L$356)} -> 0.62 | N94: =_xlfn.XLOOKUP(J94,'Data input'!$I$361:$I$362,'Data input'!$J$361:$J$362) -> 0.92 | O94: =L94*M94*N94 -> 145.452
L95: =SUM(L39:L94) -> 12740 | O95: =SUM(O39:O94) -> 5652.6582
O97: Applicable
H98: EMVIGO: create a dropdown in UI, ask user "Select sources of project emissions", user should be able to select more than one options. | O98: Not Applicable
H99: There are multiple sources of project emissions from low technology production facilities, select all applicable sources
H100: Pre-treatment of waste biomass | I100: PED,p,y | J100: Applicable
H101: Conversion of waste biomass into biochar | I101: PEP,p,y | J101: Applicable
H102: Utilization of auxiliary energy for pyrolysis | I102: PEC,p,y | J102: Applicable
H105: Table 17: Estimation of project emissions (PEPS,p,y) for low technology production facilities
N106: VM0044
N107: Equation 7 | O107: Use equation 3 for high tech production
H108: Year | I108: PED,p,y | J108: PEP,p,y | K108: PEC,p,y | L108: Mt,k,p,y | M108: Mp,y | N108: PEPS,p,y
I109: tCO2e | J109: tCO2e | K109: tCO2e | L109: tonnes | M109: tonnes | N109: tCO2e
H110: 2020 | I110: =IF($J$100="applicable", SUMIFS($K$130:$K$136, $H$130:$H$136, H110), 0) -> 61.098669 | J110: =IF($J$101="applicable", SUMIFS($O$144:$O$199, $H$144:$H$199, H110), 0) -> 2686.25 | K110: =IF($J$102="applicable", SUMIFS($K$215:$K$221, $H$215:$H$221, H110), 0) -> 235.13125 | L110: =SUMIFS('Data input'!$M$269:$M$324,'Data input'!$I$269:$I$324,H110) -> 1796 | M110: =SUMIFS('Data input'!$K$371:$K$384,'Data input'!$I$371:$I$384,H110) -> 1796 | N110: =(I110+J110+K110)*(L110/M110) -> 2982.4799
H111: 2021 | I111: =IF($J$100="applicable", SUMIFS($K$130:$K$136, $H$130:$H$136, H111), 0) -> 52.25658 | J111: =IF($J$101="applicable", SUMIFS($O$144:$O$199, $H$144:$H$199, H111), 0) -> 2743.25 | K111: =IF($J$102="applicable", SUMIFS($K$215:$K$221, $H$215:$H$221, H111), 0) -> 265.84653 | L111: =SUMIFS('Data input'!$M$269:$M$324,'Data input'!$I$269:$I$324,H111) -> 1804 | M111: =SUMIFS('Data input'!$K$371:$K$384,'Data input'!$I$371:$I$384,H111) -> 1804 | N111: =(I111+J111+K111)*(L111/M111) -> 3061.3531
H112: 2022 | I112: =IF($J$100="applicable", SUMIFS($K$130:$K$136, $H$130:$H$136, H112), 0) -> 55.456343 | J112: =IF($J$101="applicable", SUMIFS($O$144:$O$199, $H$144:$H$199, H112), 0) -> 2800.65 | K112: =IF($J$102="applicable", SUMIFS($K$215:$K$221, $H$215:$H$221, H112), 0) -> 298.48693 | L112: =SUMIFS('Data input'!$M$269:$M$324,'Data input'!$I$269:$I$324,H112) -> 1812 | M112: =SUMIFS('Data input'!$K$371:$K$384,'Data input'!$I$371:$I$384,H112) -> 1812 | N112: =(I112+J112+K112)*(L112/M112) -> 3154.5933
H113: 2023 | I113: =IF($J$100="applicable", SUMIFS($K$130:$K$136, $H$130:$H$136, H113), 0) -> 63.555388 | J113: =IF($J$101="applicable", SUMIFS($O$144:$O$199, $H$144:$H$199, H113), 0) -> 2858.45 | K113: =IF($J$102="applicable", SUMIFS($K$215:$K$221, $H$215:$H$221, H113), 0) -> 255.31011 | L113: =SUMIFS('Data input'!$M$269:$M$324,'Data input'!$I$269:$I$324,H113) -> 1820 | M113: =SUMIFS('Data input'!$K$371:$K$384,'Data input'!$I$371:$I$384,H113) -> 1820 | N113: =(I113+J113+K113)*(L113/M113) -> 3177.3155
H114: 2024 | I114: =IF($J$100="applicable", SUMIFS($K$130:$K$136, $H$130:$H$136, H114), 0) -> 61.170472 | J114: =IF($J$101="applicable", SUMIFS($O$144:$O$199, $H$144:$H$199, H114), 0) -> 2916.65 | K114: =IF($J$102="applicable", SUMIFS($K$215:$K$221, $H$215:$H$221, H114), 0) -> 196.50628 | L114: =SUMIFS('Data input'!$M$269:$M$324,'Data input'!$I$269:$I$324,H114) -> 1828 | M114: =SUMIFS('Data input'!$K$371:$K$384,'Data input'!$I$371:$I$384,H114) -> 1828 | N114: =(I114+J114+K114)*(L114/M114) -> 3174.3267
H115: 2025 | I115: =IF($J$100="applicable", SUMIFS($K$130:$K$136, $H$130:$H$136, H115), 0) -> 61.1081 | J115: =IF($J$101="applicable", SUMIFS($O$144:$O$199, $H$144:$H$199, H115), 0) -> 2975.25 | K115: =IF($J$102="applicable", SUMIFS($K$215:$K$221, $H$215:$H$221, H115), 0) -> 255.30905 | L115: =SUMIFS('Data input'!$M$269:$M$324,'Data input'!$I$269:$I$324,H115) -> 1836 | M115: =SUMIFS('Data input'!$K$371:$K$384,'Data input'!$I$371:$I$384,H115) -> 1836 | N115: =(I115+J115+K115)*(L115/M115) -> 3291.6672
H116: 2026 | I116: =IF($J$100="applicable", SUMIFS($K$130:$K$136, $H$130:$H$136, H116), 0) -> 68.482238 | J116: =IF($J$101="applicable", SUMIFS($O$144:$O$199, $H$144:$H$199, H116), 0) -> 3034.25 | K116: =IF($J$102="applicable", SUMIFS($K$215:$K$221, $H$215:$H$221, H116), 0) -> 379.64554 | L116: =SUMIFS('Data input'!$M$269:$M$324,'Data input'!$I$269:$I$324,H116) -> 1844 | M116: =SUMIFS('Data input'!$K$371:$K$384,'Data input'!$I$371:$I$384,H116) -> 1844 | N116: =(I116+J116+K116)*(L116/M116) -> 3482.3778
L117: =SUM(L110:L116) -> 12740 | M117: =SUM(M110:M116) -> 12740 | N117: =SUM(N110:N116) -> 22324.113
H120: EMVIGO: create a dropdown in UI, ask user "Select sources of emissions from pre-treatment of feedstock", user should be able to select more than one options.
H121: Select sources of emissions from pre-treatment of feedstock
H122: Electricity | I122: Applicable
H123: Fossil Fuel | I123: Applicable
C125: Pre-treatment | H125: Table 18: Determination of emissions associated with pre-treatment of feedstock at low tech production facility p in year y
I126: TOOL 05 | J126: TOOL 03 | K126: VM0044
I127: Equation 1 | J127: Equation 1 | K127: Equation 8 | L127: Use equation 4 for high tech production
H128: Year | I128: PEDE,p,y | J128: PEDF,p,y | K128: PED,p,y
I129: tCO2e | J129: tCO2e | K129: tCO2e
H130: 2020 | I130: =IF($I$122="applicable", SUMIFS('Tool 05 Calcs'!$G$11:$G$17, 'Tool 05 Calcs'!$E$11:$E$17, H130), 0) -> 22.013102 | J130: =IF($I$123="applicable", SUMIFS('Tool 03 Calcs'!$G$21:$G$27, 'Tool 03 Calcs'!$F$21:$F$27, H130), 0) -> 39.085567 | K130: =I130+J130 -> 61.098669
H131: 2021 | I131: =IF($I$122="applicable", SUMIFS('Tool 05 Calcs'!$G$11:$G$17, 'Tool 05 Calcs'!$E$11:$E$17, H131), 0) -> 23.531913 | J131: =IF($I$123="applicable", SUMIFS('Tool 03 Calcs'!$G$21:$G$27, 'Tool 03 Calcs'!$F$21:$F$27, H131), 0) -> 28.724667 | K131: =I131+J131 -> 52.25658
H132: 2022 | I132: =IF($I$122="applicable", SUMIFS('Tool 05 Calcs'!$G$11:$G$17, 'Tool 05 Calcs'!$E$11:$E$17, H132), 0) -> 24.870843 | J132: =IF($I$123="applicable", SUMIFS('Tool 03 Calcs'!$G$21:$G$27, 'Tool 03 Calcs'!$F$21:$F$27, H132), 0) -> 30.5855 | K132: =I132+J132 -> 55.456343
H133: 2023 | I133: =IF($I$122="applicable", SUMIFS('Tool 05 Calcs'!$G$11:$G$17, 'Tool 05 Calcs'!$E$11:$E$17, H133), 0) -> 26.230922 | J133: =IF($I$123="applicable", SUMIFS('Tool 03 Calcs'!$G$21:$G$27, 'Tool 03 Calcs'!$F$21:$F$27, H133), 0) -> 37.324467 | K133: =I133+J133 -> 63.555388
H134: 2024 | I134: =IF($I$122="applicable", SUMIFS('Tool 05 Calcs'!$G$11:$G$17, 'Tool 05 Calcs'!$E$11:$E$17, H134), 0) -> 27.716905 | J134: =IF($I$123="applicable", SUMIFS('Tool 03 Calcs'!$G$21:$G$27, 'Tool 03 Calcs'!$F$21:$F$27, H134), 0) -> 33.453567 | K134: =I134+J134 -> 61.170472
H135: 2025 | I135: =IF($I$122="applicable", SUMIFS('Tool 05 Calcs'!$G$11:$G$17, 'Tool 05 Calcs'!$E$11:$E$17, H135), 0) -> 29.1839 | J135: =IF($I$123="applicable", SUMIFS('Tool 03 Calcs'!$G$21:$G$27, 'Tool 03 Calcs'!$F$21:$F$27, H135), 0) -> 31.9242 | K135: =I135+J135 -> 61.1081
H136: 2026 | I136: =IF($I$122="applicable", SUMIFS('Tool 05 Calcs'!$G$11:$G$17, 'Tool 05 Calcs'!$E$11:$E$17, H136), 0) -> 30.673405 | J136: =IF($I$123="applicable", SUMIFS('Tool 03 Calcs'!$G$21:$G$27, 'Tool 03 Calcs'!$F$21:$F$27, H136), 0) -> 37.808833 | K136: =I136+J136 -> 68.482238
I137: =SUM(I130:I136) -> 184.22099 | J137: =SUM(J130:J136) -> 238.9068 | K137: =SUM(K130:K136) -> 423.12779
C139: Thermo-chemical processing | H139: Table 19: Calculation of emissions associated with the thermochemical process at low tech production facility p in year y
O140: VM0044
O141: Equation 9 | P141: Follow instructions in section 8.2.2.1 for high tech production
H142: Year (y) | I142: Production Facility (p) | J142: Biochar Type (t) | K142: Application Type (k) | L142: Fe | M142: GWPCH4 | N142: Mt,k,p,y | O142: PEP,p,y
N143: tonnes | O143: tCO2e
H144: 2020 | I144: PF1 | J144: Bamboo Pruning | K144: Soil | L144: {=_xlfn.XLOOKUP(H144&I144&J144,'Data input'!$I$400:$I$427&'Data input'!$J$400:$J$427&'Data input'!$K$400:$K$427,'Data input'!$L$400:$L$427)} -> 0.049 | M144: ='Data input'!$I$395 -> 25 | N144: =SUMIFS('Data input'!$M$269:$M$324,'Data input'!$I$269:$I$324,H144,'Data input'!$J$269:$J$324,J144,'Data input'!$K$269:$K$324,K144,'Data input'!$L$269:$L$324,I144) -> 200 | O144: =L144*M144*N144 -> 245
H145: 2021 | I145: PF1 | J145: Bamboo Pruning | K145: Soil | L145: {=_xlfn.XLOOKUP(H145&I145&J145,'Data input'!$I$400:$I$427&'Data input'!$J$400:$J$427&'Data input'!$K$400:$K$427,'Data input'!$L$400:$L$427)} -> 0.05 | M145: ='Data input'!$I$395 -> 25 | N145: =SUMIFS('Data input'!$M$269:$M$324,'Data input'!$I$269:$I$324,H145,'Data input'!$J$269:$J$324,J145,'Data input'!$K$269:$K$324,K145,'Data input'!$L$269:$L$324,I145) -> 201 | O145: =L145*M145*N145 -> 251.25
H146: 2022 | I146: PF1 | J146: Bamboo Pruning | K146: Soil | L146: {=_xlfn.XLOOKUP(H146&I146&J146,'Data input'!$I$400:$I$427&'Data input'!$J$400:$J$427&'Data input'!$K$400:$K$427,'Data input'!$L$400:$L$427)} -> 0.051 | M146: ='Data input'!$I$395 -> 25 | N146: =SUMIFS('Data input'!$M$269:$M$324,'Data input'!$I$269:$I$324,H146,'Data input'!$J$269:$J$324,J146,'Data input'!$K$269:$K$324,K146,'Data input'!$L$269:$L$324,I146) -> 202 | O146: =L146*M146*N146 -> 257.55
H147: 2023 | I147: PF1 | J147: Bamboo Pruning | K147: Soil | L147: {=_xlfn.XLOOKUP(H147&I147&J147,'Data input'!$I$400:$I$427&'Data input'!$J$400:$J$427&'Data input'!$K$400:$K$427,'Data input'!$L$400:$L$427)} -> 0.052 | M147: ='Data input'!$I$395 -> 25 | N147: =SUMIFS('Data input'!$M$269:$M$324,'Data input'!$I$269:$I$324,H147,'Data input'!$J$269:$J$324,J147,'Data input'!$K$269:$K$324,K147,'Data input'!$L$269:$L$324,I147) -> 203 | O147: =L147*M147*N147 -> 263.9
H148: 2024 | I148: PF1 | J148: Bamboo Pruning | K148: Soil | L148: {=_xlfn.XLOOKUP(H148&I148&J148,'Data input'!$I$400:$I$427&'Data input'!$J$400:$J$427&'Data input'!$K$400:$K$427,'Data input'!$L$400:$L$427)} -> 0.053 | M148: ='Data input'!$I$395 -> 25 | N148: =SUMIFS('Data input'!$M$269:$M$324,'Data input'!$I$269:$I$324,H148,'Data input'!$J$269:$J$324,J148,'Data input'!$K$269:$K$324,K148,'Data input'!$L$269:$L$324,I148) -> 204 | O148: =L148*M148*N148 -> 270.3
H149: 2025 | I149: PF1 | J149: Bamboo Pruning | K149: Soil | L149: {=_xlfn.XLOOKUP(H149&I149&J149,'Data input'!$I$400:$I$427&'Data input'!$J$400:$J$427&'Data input'!$K$400:$K$427,'Data input'!$L$400:$L$427)} -> 0.054 | M149: ='Data input'!$I$395 -> 25 | N149: =SUMIFS('Data input'!$M$269:$M$324,'Data input'!$I$269:$I$324,H149,'Data input'!$J$269:$J$324,J149,'Data input'!$K$269:$K$324,K149,'Data input'!$L$269:$L$324,I149) -> 205 | O149: =L149*M149*N149 -> 276.75
H150: 2026 | I150: PF1 | J150: Bamboo Pruning | K150: Soil | L150: {=_xlfn.XLOOKUP(H150&I150&J150,'Data input'!$I$400:$I$427&'Data input'!$J$400:$J$427&'Data input'!$K$400:$K$427,'Data input'!$L$400:$L$427)} -> 0.055 | M150: ='Data input'!$I$395 -> 25 | N150: =SUMIFS('Data input'!$M$269:$M$324,'Data input'!$I$269:$I$324,H150,'Data input'!$J$269:$J$324,J150,'Data input'!$K$269:$K$324,K150,'Data input'!$L$269:$L$324,I150) -> 206 | O150: =L150*M150*N150 -> 283.25
H151: 2020 | I151: PF1 | J151: Paddy Straw | K151: Soil | L151: {=_xlfn.XLOOKUP(H151&I151&J151,'Data input'!$I$400:$I$427&'Data input'!$J$400:$J$427&'Data input'!$K$400:$K$427,'Data input'!$L$400:$L$427)} -> 0.063 | M151: ='Data input'!$I$395 -> 25 | N151: =SUMIFS('Data input'!$M$269:$M$324,'Data input'!$I$269:$I$324,H151,'Data input'!$J$269:$J$324,J151,'Data input'!$K$269:$K$324,K151,'Data input'!$L$269:$L$324,I151) -> 207 | O151: =L151*M151*N151 -> 326.025
H152: 2021 | I152: PF1 | J152: Paddy Straw | K152: Soil | L152: {=_xlfn.XLOOKUP(H152&I152&J152,'Data input'!$I$400:$I$427&'Data input'!$J$400:$J$427&'Data input'!$K$400:$K$427,'Data input'!$L$400:$L$427)} -> 0.064 | M152: ='Data input'!$I$395 -> 25 | N152: =SUMIFS('Data input'!$M$269:$M$324,'Data input'!$I$269:$I$324,H152,'Data input'!$J$269:$J$324,J152,'Data input'!$K$269:$K$324,K152,'Data input'!$L$269:$L$324,I152) -> 208 | O152: =L152*M152*N152 -> 332.8
H153: 2022 | I153: PF1 | J153: Paddy Straw | K153: Soil | L153: {=_xlfn.XLOOKUP(H153&I153&J153,'Data input'!$I$400:$I$427&'Data input'!$J$400:$J$427&'Data input'!$K$400:$K$427,'Data input'!$L$400:$L$427)} -> 0.065 | M153: ='Data input'!$I$395 -> 25 | N153: =SUMIFS('Data input'!$M$269:$M$324,'Data input'!$I$269:$I$324,H153,'Data input'!$J$269:$J$324,J153,'Data input'!$K$269:$K$324,K153,'Data input'!$L$269:$L$324,I153) -> 209 | O153: =L153*M153*N153 -> 339.625
H154: 2023 | I154: PF1 | J154: Paddy Straw | K154: Soil | L154: {=_xlfn.XLOOKUP(H154&I154&J154,'Data input'!$I$400:$I$427&'Data input'!$J$400:$J$427&'Data input'!$K$400:$K$427,'Data input'!$L$400:$L$427)} -> 0.066 | M154: ='Data input'!$I$395 -> 25 | N154: =SUMIFS('Data input'!$M$269:$M$324,'Data input'!$I$269:$I$324,H154,'Data input'!$J$269:$J$324,J154,'Data input'!$K$269:$K$324,K154,'Data input'!$L$269:$L$324,I154) -> 210 | O154: =L154*M154*N154 -> 346.5
H155: 2024 | I155: PF1 | J155: Paddy Straw | K155: Soil | L155: {=_xlfn.XLOOKUP(H155&I155&J155,'Data input'!$I$400:$I$427&'Data input'!$J$400:$J$427&'Data input'!$K$400:$K$427,'Data input'!$L$400:$L$427)} -> 0.067 | M155: ='Data input'!$I$395 -> 25 | N155: =SUMIFS('Data input'!$M$269:$M$324,'Data input'!$I$269:$I$324,H155,'Data input'!$J$269:$J$324,J155,'Data input'!$K$269:$K$324,K155,'Data input'!$L$269:$L$324,I155) -> 211 | O155: =L155*M155*N155 -> 353.425
... H199: 2026 | I199: PF2 | J199: Paddy Straw | K199: Non-soil | L199: {=_xlfn.XLOOKUP(H199&I199&J199,'Data input'!$I$400:$I$427&'Data input'!$J$400:$J$427&'Data input'!$K$400:$K$427,'Data input'!$L$400:$L$427)} -> 0.076 | M199: ='Data input'!$I$395 -> 25 | N199: =SUMIFS('Data input'!$M$269:$M$324,'Data input'!$I$269:$I$324,H199,'Data input'!$J$269:$J$324,J199,'Data input'!$K$269:$K$324,K199,'Data input'!$L$269:$L$324,I199) -> 255 | O199: =L199*M199*N199 -> 484.5
...

Sheet Tool 05 Calcs
E2: Pre-treatment of waste biomass
F7: TOOL05
F8: Equation 1
E9: Vintage Year | F9: PEEC,y | G9: PEDE,p,y
F10: tCO2/yr | G10: tCO2/yr
E11: 2020 | F11: =SUMIFS(K27:K54,E27:E54,E11) -> 22.013102 | G11: =SUM(F11:F11) -> 22.013102
E12: 2021 | F12: =SUMIFS(K28:K55,E28:E55,E12) -> 23.531913 | G12: =SUM(F12:F12) -> 23.531913
E13: 2022 | F13: =SUMIFS(K29:K56,E29:E56,E13) -> 24.870843 | G13: =SUM(F13:F13) -> 24.870843
E14: 2023 | F14: =SUMIFS(K30:K57,E30:E57,E14) -> 26.230922 | G14: =SUM(F14:F14) -> 26.230922
E15: 2024 | F15: =SUMIFS(K31:K79,E31:E79,E15) -> 27.716905 | G15: =SUM(F15:F15) -> 27.716905
E16: 2025 | F16: =SUMIFS(K32:K80,E32:E80,E16) -> 29.1839 | G16: =SUM(F16:F16) -> 29.1839
E17: 2026 | F17: =SUMIFS(K33:K81,E33:E81,E17) -> 30.673405 | G17: =SUM(F17:F17) -> 30.673405
F18: =SUM(F11:F17) -> 184.22099 | G18: =SUM(G11:G17) -> 184.22099
E22: Table A1: Project emissions associated with use of grid-connected electricity utilized for pre-treatment of waste biomass at production facility p in year y - PEEC,p,y
K23: TOOL05
K24: Equation 1
E25: Vintage Year | F25: Electricity source (j) | G25: Production Facility (p) | H25: EFEF,j,y | I25: ECPJ,j,y | J25: TDLj,y | K25: PEEC,y
F26: m | H26: tCO2/MWh | I26: MWh/yr | J26: percent | K26: tCO2/yr
E27: 2020 | F27: ES1 | G27: PF1 | H27: {=_xlfn.XLOOKUP(E27&F27&G27,'Data input'!$I$572:$I$599&'Data input'!$J$572:$J$599&'Data input'!$K$572:$K$599,'Data input'!$L$572:$L$599)} -> 2.01 | I27: =SUMIFS('Data input'!$L$604:$L$631,'Data input'!$I$604:$I$631,E27,'Data input'!$J$604:$J$631,F27,'Data input'!$K$604:$K$631,G27) -> 100 | J27: {=_xlfn.XLOOKUP(E27&F27&G27,'Data input'!$I$637:$I$664&'Data input'!$J$637:$J$664&'Data input'!$K$637:$K$664,'Data input'!$L$637:$L$664)} -> 0.01 | K27: =I27*H27*J27 -> 2.01
E28: 2021 | F28: ES1 | G28: PF1 | H28: {=_xlfn.XLOOKUP(E28&F28&G28,'Data input'!$I$572:$I$599&'Data input'!$J$572:$J$599&'Data input'!$K$572:$K$599,'Data input'!$L$572:$L$599)} -> 2.011 | I28: =SUMIFS('Data input'!$L$604:$L$631,'Data input'!$I$604:$I$631,E28,'Data input'!$J$604:$J$631,F28,'Data input'!$K$604:$K$631,G28) -> 101 | J28: {=_xlfn.XLOOKUP(E28&F28&G28,'Data input'!$I$637:$I$664&'Data input'!$J$637:$J$664&'Data input'!$K$637:$K$664,'Data input'!$L$637:$L$664)} -> 0.012 | K28: =I28*H28*J28 -> 2.437332
E29: 2022 | F29: ES1 | G29: PF1 | H29: {=_xlfn.XLOOKUP(E29&F29&G29,'Data input'!$I$572:$I$599&'Data input'!$J$572:$J$599&'Data input'!$K$572:$K$599,'Data input'!$L$572:$L$599)} -> 2.012 | I29: =SUMIFS('Data input'!$L$604:$L$631,'Data input'!$I$604:$I$631,E29,'Data input'!$J$604:$J$631,F29,'Data input'!$K$604:$K$631,G29) -> 102 | J29: {=_xlfn.XLOOKUP(E29&F29&G29,'Data input'!$I$637:$I$664&'Data input'!$J$637:$J$664&'Data input'!$K$637:$K$664,'Data input'!$L$637:$L$664)} -> 0.013 | K29: =I29*H29*J29 -> 2.667912
E30: 2023 | F30: ES1 | G30: PF1 | H30: {=_xlfn.XLOOKUP(E30&F30&G30,'Data input'!$I$572:$I$599&'Data input'!$J$572:$J$599&'Data input'!$K$572:$K$599,'Data input'!$L$572:$L$599)} -> 2.013 | I30: =SUMIFS('Data input'!$L$604:$L$631,'Data input'!$I$604:$I$631,E30,'Data input'!$J$604:$J$631,F30,'Data input'!$K$604:$K$631,G30) -> 103 | J30: {=_xlfn.XLOOKUP(E30&F30&G30,'Data input'!$I$637:$I$664&'Data input'!$J$637:$J$664&'Data input'!$K$637:$K$664,'Data input'!$L$637:$L$664)} -> 0.014 | K30: =I30*H30*J30 -> 2.902746
E31: 2024 | F31: ES1 | G31: PF1 | H31: {=_xlfn.XLOOKUP(E31&F31&G31,'Data input'!$I$572:$I$599&'Data input'!$J$572:$J$599&'Data input'!$K$572:$K$599,'Data input'!$L$572:$L$599)} -> 2.014 | I31: =SUMIFS('Data input'!$L$604:$L$631,'Data input'!$I$604:$I$631,E31,'Data input'!$J$604:$J$631,F31,'Data input'!$K$604:$K$631,G31) -> 104 | J31: {=_xlfn.XLOOKUP(E31&F31&G31,'Data input'!$I$637:$I$664&'Data input'!$J$637:$J$664&'Data input'!$K$637:$K$664,'Data input'!$L$637:$L$664)} -> 0.0155 | K31: =I31*H31*J31 -> 3.246568
E32: 2025 | F32: ES1 | G32: PF1 | H32: {=_xlfn.XLOOKUP(E32&F32&G32,'Data input'!$I$572:$I$599&'Data input'!$J$572:$J$599&'Data input'!$K$572:$K$599,'Data input'!$L$572:$L$599)} -> 2.015 | I32: =SUMIFS('Data input'!$L$604:$L$631,'Data input'!$I$604:$I$631,E32,'Data input'!$J$604:$J$631,F32,'Data input'!$K$604:$K$631,G32) -> 105 | J32: {=_xlfn.XLOOKUP(E32&F32&G32,'Data input'!$I$637:$I$664&'Data input'!$J$637:$J$664&'Data input'!$K$637:$K$664,'Data input'!$L$637:$L$664)} -> 0.0168 | K32: =I32*H32*J32 -> 3.55446
E33: 2026 | F33: ES1 | G33: PF1 | H33: {=_xlfn.XLOOKUP(E33&F33&G33,'Data input'!$I$572:$I$599&'Data input'!$J$572:$J$599&'Data input'!$K$572:$K$599,'Data input'!$L$572:$L$599)} -> 2.016 | I33: =SUMIFS('Data input'!$L$604:$L$631,'Data input'!$I$604:$I$631,E33,'Data input'!$J$604:$J$631,F33,'Data input'!$K$604:$K$631,G33) -> 106 | J33: {=_xlfn.XLOOKUP(E33&F33&G33,'Data input'!$I$637:$I$664&'Data input'!$J$637:$J$664&'Data input'!$K$637:$K$664,'Data input'!$L$637:$L$664)} -> 0.0181 | K33: =I33*H33*J33 -> 3.8678976
E34: 2020 | F34: ES2 | G34: PF1 | H34: {=_xlfn.XLOOKUP(E34&F34&G34,'Data input'!$I$572:$I$599&'Data input'!$J$572:$J$599&'Data input'!$K$572:$K$599,'Data input'!$L$572:$L$599)} -> 2.017 | I34: =SUMIFS('Data input'!$L$604:$L$631,'Data input'!$I$604:$I$631,E34,'Data input'!$J$604:$J$631,F34,'Data input'!$K$604:$K$631,G34) -> 107 | J34: {=_xlfn.XLOOKUP(E34&F34&G34,'Data input'!$I$637:$I$664&'Data input'!$J$637:$J$664&'Data input'!$K$637:$K$664,'Data input'!$L$637:$L$664)} -> 0.0194 | K34: =I34*H34*J34 -> 4.1868886
E35: 2021 | F35: ES2 | G35: PF1 | H35: {=_xlfn.XLOOKUP(E35&F35&G35,'Data input'!$I$572:$I$599&'Data input'!$J$572:$J$599&'Data input'!$K$572:$K$599,'Data input'!$L$572:$L$599)} -> 2.018 | I35: =SUMIFS('Data input'!$L$604:$L$631,'Data input'!$I$604:$I$631,E35,'Data input'!$J$604:$J$631,F35,'Data input'!$K$604:$K$631,G35) -> 108 | J35: {=_xlfn.XLOOKUP(E35&F35&G35,'Data input'!$I$637:$I$664&'Data input'!$J$637:$J$664&'Data input'!$K$637:$K$664,'Data input'!$L$637:$L$664)} -> 0.0207 | K35: =I35*H35*J35 -> 4.5114408
E36: 2022 | F36: ES2 | G36: PF1 | H36: {=_xlfn.XLOOKUP(E36&F36&G36,'Data input'!$I$572:$I$599&'Data input'!$J$572:$J$599&'Data input'!$K$572:$K$599,'Data input'!$L$572:$L$599)} -> 2.019 | I36: =SUMIFS('Data input'!$L$604:$L$631,'Data input'!$I$604:$I$631,E36,'Data input'!$J$604:$J$631,F36,'Data input'!$K$604:$K$631,G36) -> 109 | J36: {=_xlfn.XLOOKUP(E36&F36&G36,'Data input'!$I$637:$I$664&'Data input'!$J$637:$J$664&'Data input'!$K$637:$K$664,'Data input'!$L$637:$L$664)} -> 0.022 | K36: =I36*H36*J36 -> 4.841562
E37: 2023 | F37: ES2 | G37: PF1 | H37: {=_xlfn.XLOOKUP(E37&F37&G37,'Data input'!$I$572:$I$599&'Data input'!$J$572:$J$599&'Data input'!$K$572:$K$599,'Data input'!$L$572:$L$599)} -> 2.02 | I37: =SUMIFS('Data input'!$L$604:$L$631,'Data input'!$I$604:$I$631,E37,'Data input'!$J$604:$J$631,F37,'Data input'!$K$604:$K$631,G37) -> 110 | J37: {=_xlfn.XLOOKUP(E37&F37&G37,'Data input'!$I$637:$I$664&'Data input'!$J$637:$J$664&'Data input'!$K$637:$K$664,'Data input'!$L$637:$L$664)} -> 0.0233 | K37: =I37*H37*J37 -> 5.17726
E38: 2024 | F38: ES2 | G38: PF1 | H38: {=_xlfn.XLOOKUP(E38&F38&G38,'Data input'!$I$572:$I$599&'Data input'!$J$572:$J$599&'Data input'!$K$572:$K$599,'Data input'!$L$572:$L$599)} -> 2.021 | I38: =SUMIFS('Data input'!$L$604:$L$631,'Data input'!$I$604:$I$631,E38,'Data input'!$J$604:$J$631,F38,'Data input'!$K$604:$K$631,G38) -> 111 | J38: {=_xlfn.XLOOKUP(E38&F38&G38,'Data input'!$I$637:$I$664&'Data input'!$J$637:$J$664&'Data input'!$K$637:$K$664,'Data input'!$L$637:$L$664)} -> 0.0246 | K38: =I38*H38*J38 -> 5.5185426
... E54: 2026 | F54: ES2 | G54: PF2 | H54: {=_xlfn.XLOOKUP(E54&F54&G54,'Data input'!$I$572:$I$599&'Data input'!$J$572:$J$599&'Data input'!$K$572:$K$599,'Data input'!$L$572:$L$599)} -> 2.037 | I54: =SUMIFS('Data input'!$L$604:$L$631,'Data input'!$I$604:$I$631,E54,'Data input'!$J$604:$J$631,F54,'Data input'!$K$604:$K$631,G54) -> 127 | J54: {=_xlfn.XLOOKUP(E54&F54&G54,'Data input'!$I$637:$I$664&'Data input'!$J$637:$J$664&'Data input'!$K$637:$K$664,'Data input'!$L$637:$L$664)} -> 0.0454 | K54: =I54*H54*J54 -> 11.744935
K55: =SUM(K27:K54) -> 184.22099
E62: start reactor
F67: TOOL05
F68: Equation 1
E69: Vintage Year | F69: PEEC,y | G69: PECE,p,y
F70: tCO2/yr | G70: tCO2/yr
E71: 2020 | F71: =SUMIFS('Tool 05 Calcs'!$K$88:$K$115,'Tool 05 Calcs'!$E$88:$E$115,E71) -> 235.11745 | G71: =SUM(F71:F71) -> 235.11745
E72: 2021 | F72: =SUMIFS('Tool 05 Calcs'!$K$88:$K$115,'Tool 05 Calcs'!$E$88:$E$115,E72) -> 265.83561 | G72: =SUM(F72:F72) -> 265.83561
E73: 2022 | F73: =SUMIFS('Tool 05 Calcs'!$K$88:$K$115,'Tool 05 Calcs'!$E$88:$E$115,E73) -> 298.47546 | G73: =SUM(F73:F73) -> 298.47546
E74: 2023 | F74: =SUMIFS('Tool 05 Calcs'!$K$88:$K$115,'Tool 05 Calcs'!$E$88:$E$115,E74) -> 255.29809 | G74: =SUM(F74:F74) -> 255.29809
E75: 2024 | F75: =SUMIFS('Tool 05 Calcs'!$K$88:$K$115,'Tool 05 Calcs'!$E$88:$E$115,E75) -> 196.49342 | G75: =SUM(F75:F75) -> 196.49342
E76: 2025 | F76: =SUMIFS('Tool 05 Calcs'!$K$88:$K$115,'Tool 05 Calcs'!$E$88:$E$115,E76) -> 255.29557 | G76: =SUM(F76:F76) -> 255.29557
E77: 2026 | F77: =SUMIFS('Tool 05 Calcs'!$K$88:$K$115,'Tool 05 Calcs'!$E$88:$E$115,E77) -> 379.6315 | G77: =SUM(F77:F77) -> 379.6315
F78: =SUM(F71:F77) -> 1886.1471 | G78: =SUM(G71:G77) -> 1886.1471
E83: Table A2: Project emissions associated with use of grid-connected electricity utilized for starting the reactor at production facility p in year y - PECE,p,y
K84: TOOL05
K85: Equation 1
E86: Vintage Year | F86: Electricity source (j) | G86: Production Facility (p) | H86: EFEF,j,y | I86: ECPJ,j,y | J86: TDLj,y | K86: PEEC,y
F87: m | H87: tCO2/MWh | I87: MWh/yr | J87: percent | K87: tCO2/yr
E88: 2020 | F88: ES1 | G88: PF1 | H88: {=_xlfn.XLOOKUP(E88&F88&G88,'Data input'!$I$675:$I$702&'Data input'!$J$675:$J$702&'Data input'!$K$675:$K$702,'Data input'!$L$675:$L$702)} -> 2.3976562 | I88: =SUMIFS('Data input'!$L$707:$L$734,'Data input'!$I$707:$I$734,E88,'Data input'!$J$707:$J$734,F88,'Data input'!$K$707:$K$734,G88) -> 100 | J88: {=_xlfn.XLOOKUP(E88&F88&G88,'Data input'!$I$740:$I$767&'Data input'!$J$740:$J$767&'Data input'!$K$740:$K$767,'Data input'!$L$740:$L$767)} -> 0.03 | K88: =I88*H88*J88 -> 7.1929687
E89: 2021 | F89: ES1 | G89: PF1 | H89: {=_xlfn.XLOOKUP(E89&F89&G89,'Data input'!$I$675:$I$702&'Data input'!$J$675:$J$702&'Data input'!$K$675:$K$702,'Data input'!$L$675:$L$702)} -> 2.3977563 | I89: =SUMIFS('Data input'!$L$707:$L$734,'Data input'!$I$707:$I$734,E89,'Data input'!$J$707:$J$734,F89,'Data input'!$K$707:$K$734,G89) -> 110 | J89: {=_xlfn.XLOOKUP(E89&F89&G89,'Data input'!$I$740:$I$767&'Data input'!$J$740:$J$767&'Data input'!$K$740:$K$767,'Data input'!$L$740:$L$767)} -> 0.04 | K89: =I89*H89*J89 -> 10.550128
E90: 2022 | F90: ES1 | G90: PF1 | H90: {=_xlfn.XLOOKUP(E90&F90&G90,'Data input'!$I$675:$I$702&'Data input'!$J$675:$J$702&'Data input'!$K$675:$K$702,'Data input'!$L$675:$L$702)} -> 2.3978562 | I90: =SUMIFS('Data input'!$L$707:$L$734,'Data input'!$I$707:$I$734,E90,'Data input'!$J$707:$J$734,F90,'Data input'!$K$707:$K$734,G90) -> 120 | J90: {=_xlfn.XLOOKUP(E90&F90&G90,'Data input'!$I$740:$I$767&'Data input'!$J$740:$J$767&'Data input'!$K$740:$K$767,'Data input'!$L$740:$L$767)} -> 0.05 | K90: =I90*H90*J90 -> 14.387138
E91: 2023 | F91: ES1 | G91: PF1 | H91: {=_xlfn.XLOOKUP(E91&F91&G91,'Data input'!$I$675:$I$702&'Data input'!$J$675:$J$702&'Data input'!$K$675:$K$702,'Data input'!$L$675:$L$702)} -> 2.3979563 | I91: =SUMIFS('Data input'!$L$707:$L$734,'Data input'!$I$707:$I$734,E91,'Data input'!$J$707:$J$734,F91,'Data input'!$K$707:$K$734,G91) -> 130 | J91: {=_xlfn.XLOOKUP(E91&F91&G91,'Data input'!$I$740:$I$767&'Data input'!$J$740:$J$767&'Data input'!$K$740:$K$767,'Data input'!$L$740:$L$767)} -> 0.06 | K91: =I91*H91*J91 -> 18.704059
E92: 2024 | F92: ES1 | G92: PF1 | H92: {=_xlfn.XLOOKUP(E92&F92&G92,'Data input'!$I$675:$I$702&'Data input'!$J$675:$J$702&'Data input'!$K$675:$K$702,'Data input'!$L$675:$L$702)} -> 2.3980562 | I92: =SUMIFS('Data input'!$L$707:$L$734,'Data input'!$I$707:$I$734,E92,'Data input'!$J$707:$J$734,F92,'Data input'!$K$707:$K$734,G92) -> 140 | J92: {=_xlfn.XLOOKUP(E92&F92&G92,'Data input'!$I$740:$I$767&'Data input'!$J$740:$J$767&'Data input'!$K$740:$K$767,'Data input'!$L$740:$L$767)} -> 0.07 | K92: =I92*H92*J92 -> 23.500951
E93: 2025 | F93: ES1 | G93: PF1 | H93: {=_xlfn.XLOOKUP(E93&F93&G93,'Data input'!$I$675:$I$702&'Data input'!$J$675:$J$702&'Data input'!$K$675:$K$702,'Data input'!$L$675:$L$702)} -> 2.3981562 | I93: =SUMIFS('Data input'!$L$707:$L$734,'Data input'!$I$707:$I$734,E93,'Data input'!$J$707:$J$734,F93,'Data input'!$K$707:$K$734,G93) -> 150 | J93: {=_xlfn.XLOOKUP(E93&F93&G93,'Data input'!$I$740:$I$767&'Data input'!$J$740:$J$767&'Data input'!$K$740:$K$767,'Data input'!$L$740:$L$767)} -> 0.08 | K93: =I93*H93*J93 -> 28.777875
E94: 2026 | F94: ES1 | G94: PF1 | H94: {=_xlfn.XLOOKUP(E94&F94&G94,'Data input'!$I$675:$I$702&'Data input'!$J$675:$J$702&'Data input'!$K$675:$K$702,'Data input'!$L$675:$L$702)} -> 2.3982563 | I94: =SUMIFS('Data input'!$L$707:$L$734,'Data input'!$I$707:$I$734,E94,'Data input'!$J$707:$J$734,F94,'Data input'!$K$707:$K$734,G94) -> 160 | J94: {=_xlfn.XLOOKUP(E94&F94&G94,'Data input'!$I$740:$I$767&'Data input'!$J$740:$J$767&'Data input'!$K$740:$K$767,'Data input'!$L$740:$L$767)} -> 0.09 | K94: =I94*H94*J94 -> 34.53489
E95: 2020 | F95: ES2 | G95: PF1 | H95: {=_xlfn.XLOOKUP(E95&F95&G95,'Data input'!$I$675:$I$702&'Data input'!$J$675:$J$702&'Data input'!$K$675:$K$702,'Data input'!$L$675:$L$702)} -> 2.3983562 | I95: =SUMIFS('Data input'!$L$707:$L$734,'Data input'!$I$707:$I$734,E95,'Data input'!$J$707:$J$734,F95,'Data input'!$K$707:$K$734,G95) -> 170 | J95: {=_xlfn.XLOOKUP(E95&F95&G95,'Data input'!$I$740:$I$767&'Data input'!$J$740:$J$767&'Data input'!$K$740:$K$767,'Data input'!$L$740:$L$767)} -> 0.1 | K95: =I95*H95*J95 -> 40.772056
E96: 2021 | F96: ES2 | G96: PF1 | H96: {=_xlfn.XLOOKUP(E96&F96&G96,'Data input'!$I$675:$I$702&'Data input'!$J$675:$J$702&'Data input'!$K$675:$K$702,'Data input'!$L$675:$L$702)} -> 2.3984563 | I96: =SUMIFS('Data input'!$L$707:$L$734,'Data input'!$I$707:$I$734,E96,'Data input'!$J$707:$J$734,F96,'Data input'!$K$707:$K$734,G96) -> 180 | J96: {=_xlfn.XLOOKUP(E96&F96&G96,'Data input'!$I$740:$I$767&'Data input'!$J$740:$J$767&'Data input'!$K$740:$K$767,'Data input'!$L$740:$L$767)} -> 0.11 | K96: =I96*H96*J96 -> 47.489434
E97: 2022 | F97: ES2 | G97: PF1 | H97: {=_xlfn.XLOOKUP(E97&F97&G97,'Data input'!$I$675:$I$702&'Data input'!$J$675:$J$702&'Data input'!$K$675:$K$702,'Data input'!$L$675:$L$702)} -> 2.3985562 | I97: =SUMIFS('Data input'!$L$707:$L$734,'Data input'!$I$707:$I$734,E97,'Data input'!$J$707:$J$734,F97,'Data input'!$K$707:$K$734,G97) -> 190 | J97: {=_xlfn.XLOOKUP(E97&F97&G97,'Data input'!$I$740:$I$767&'Data input'!$J$740:$J$767&'Data input'!$K$740:$K$767,'Data input'!$L$740:$L$767)} -> 0.12 | K97: =I97*H97*J97 -> 54.687082
E98: 2023 | F98: ES2 | G98: PF1 | H98: {=_xlfn.XLOOKUP(E98&F98&G98,'Data input'!$I$675:$I$702&'Data input'!$J$675:$J$702&'Data input'!$K$675:$K$702,'Data input'!$L$675:$L$702)} -> 2.3986563 | I98: =SUMIFS('Data input'!$L$707:$L$734,'Data input'!$I$707:$I$734,E98,'Data input'!$J$707:$J$734,F98,'Data input'!$K$707:$K$734,G98) -> 200 | J98: {=_xlfn.XLOOKUP(E98&F98&G98,'Data input'!$I$740:$I$767&'Data input'!$J$740:$J$767&'Data input'!$K$740:$K$767,'Data input'!$L$740:$L$767)} -> 0.13 | K98: =I98*H98*J98 -> 62.365063
E99: 2024 | F99: ES2 | G99: PF1 | H99: {=_xlfn.XLOOKUP(E99&F99&G99,'Data input'!$I$675:$I$702&'Data input'!$J$675:$J$702&'Data input'!$K$675:$K$702,'Data input'!$L$675:$L$702)} -> 2.3987562 | I99: =SUMIFS('Data input'!$L$707:$L$734,'Data input'!$I$707:$I$734,E99,'Data input'!$J$707:$J$734,F99,'Data input'!$K$707:$K$734,G99) -> 210 | J99: {=_xlfn.XLOOKUP(E99&F99&G99,'Data input'!$I$740:$I$767&'Data input'!$J$740:$J$767&'Data input'!$K$740:$K$767,'Data input'!$L$740:$L$767)} -> 0.14 | K99: =I99*H99*J99 -> 70.523434
... E115: 2026 | F115: ES2 | G115: PF2 | H115: {=_xlfn.XLOOKUP(E115&F115&G115,'Data input'!$I$675:$I$702&'Data input'!$J$675:$J$702&'Data input'!$K$675:$K$702,'Data input'!$L$675:$L$702)} -> 2.4003563 | I115: =SUMIFS('Data input'!$L$707:$L$734,'Data input'!$I$707:$I$734,E115,'Data input'!$J$707:$J$734,F115,'Data input'!$K$707:$K$734,G115) -> 370 | J115: {=_xlfn.XLOOKUP(E115&F115&G115,'Data input'!$I$740:$I$767&'Data input'!$J$740:$J$767&'Data input'!$K$740:$K$767,'Data input'!$L$740:$L$767)} -> 0.2 | K115: =I115*H115*J115 -> 177.62636
K116: =SUM(K88:K115) -> 1886.1471
E122: Biochar processing
F126: TOOL05
F127: Equation 1
E128: Vintage Year | F128: PEEC,y | G128: PEPE,k,y
F129: tCO2/yr | G129: tCO2/yr
E130: 2020 | F130: =SUMIFS('Tool 05 Calcs'!$K$145:$K$172,'Tool 05 Calcs'!$E$145:$E$172,E130) -> 72.5614 | G130: =SUM(F130:F130) -> 72.5614
E131: 2021 | F131: =SUMIFS('Tool 05 Calcs'!$K$145:$K$172,'Tool 05 Calcs'!$E$145:$E$172,E131) -> 80.754804 | G131: =SUM(F131:F131) -> 80.754804
E132: 2022 | F132: =SUMIFS('Tool 05 Calcs'!$K$145:$K$172,'Tool 05 Calcs'!$E$145:$E$172,E132) -> 50.73706 | G132: =SUM(F132:F132) -> 50.73706
E133: 2023 | F133: =SUMIFS('Tool 05 Calcs'!$K$145:$K$172,'Tool 05 Calcs'!$E$145:$E$172,E133) -> 95.724654 | G133: =SUM(F133:F133) -> 95.724654
E134: 2024 | F134: =SUMIFS('Tool 05 Calcs'!$K$145:$K$172,'Tool 05 Calcs'!$E$145:$E$172,E134) -> 85.735599 | G134: =SUM(F134:F134) -> 85.735599
E135: 2025 | F135: =SUMIFS('Tool 05 Calcs'!$K$145:$K$172,'Tool 05 Calcs'!$E$145:$E$172,E135) -> 85.913457 | G135: =SUM(F135:F135) -> 85.913457
E136: 2026 | F136: =SUMIFS('Tool 05 Calcs'!$K$145:$K$172,'Tool 05 Calcs'!$E$145:$E$172,E136) -> 106.51062 | G136: =SUM(F136:F136) -> 106.51062
F137: =SUM(F130:F136) -> 577.93759 | G137: =SUM(G130:G136) -> 577.93759
E140: Table A3: Project emissions associated with grid-connected electricity utilized for processing biochar for application type k in year y - PEEC,y
K141: TOOL05
K142: Equation 1
E143: Vintage Year | F143: Electricity source (j) | G143: Application Type (k) | H143: EFEF,j,y | I143: ECPJ,j,y | J143: TDLj,y | K143: PEEC,y
F144: m | H144: tCO2/MWh | I144: MWh/yr | J144: percent | K144: tCO2/yr
E145: 2020 | F145: ES1 | G145: PF1 | H145: {=_xlfn.XLOOKUP(E145&F145&G145,'Data input'!$I$779:$I$806&'Data input'!$J$779:$J$806&'Data input'!$K$779:$K$806,'Data input'!$L$779:$L$806)} -> 2.11 | I145: =SUMIFS('Data input'!$L$811:$L$838,'Data input'!$I$811:$I$838,E145,'Data input'!$J$811:$J$838,F145,'Data input'!$K$811:$K$838,G145) -> 59 | J145: {=_xlfn.XLOOKUP(E145&F145&G145,'Data input'!$I$844:$I$871&'Data input'!$J$844:$J$871&'Data input'!$K$844:$K$871,'Data input'!$L$844:$L$871)} -> 0.11 | K145: =I145*H145*J145 -> 13.6939
E146: 2021 | F146: ES1 | G146: PF1 | H146: {=_xlfn.XLOOKUP(E146&F146&G146,'Data input'!$I$779:$I$806&'Data input'!$J$779:$J$806&'Data input'!$K$779:$K$806,'Data input'!$L$779:$L$806)} -> 2.12 | I146: =SUMIFS('Data input'!$L$811:$L$838,'Data input'!$I$811:$I$838,E146,'Data input'!$J$811:$J$838,F146,'Data input'!$K$811:$K$838,G146) -> 60 | J146: {=_xlfn.XLOOKUP(E146&F146&G146,'Data input'!$I$844:$I$871&'Data input'!$J$844:$J$871&'Data input'!$K$844:$K$871,'Data input'!$L$844:$L$871)} -> 0.12 | K146: =I146*H146*J146 -> 15.264
E147: 2022 | F147: ES1 | G147: PF1 | H147: {=_xlfn.XLOOKUP(E147&F147&G147,'Data input'!$I$779:$I$806&'Data input'!$J$779:$J$806&'Data input'!$K$779:$K$806,'Data input'!$L$779:$L$806)} -> 2.13 | I147: =SUMIFS('Data input'!$L$811:$L$838,'Data input'!$I$811:$I$838,E147,'Data input'!$J$811:$J$838,F147,'Data input'!$K$811:$K$838,G147) -> 70 | J147: {=_xlfn.XLOOKUP(E147&F147&G147,'Data input'!$I$844:$I$871&'Data input'!$J$844:$J$871&'Data input'!$K$844:$K$871,'Data input'!$L$844:$L$871)} -> 0.13 | K147: =I147*H147*J147 -> 19.383
E148: 2023 | F148: ES1 | G148: PF1 | H148: {=_xlfn.XLOOKUP(E148&F148&G148,'Data input'!$I$779:$I$806&'Data input'!$J$779:$J$806&'Data input'!$K$779:$K$806,'Data input'!$L$779:$L$806)} -> 2.14 | I148: =SUMIFS('Data input'!$L$811:$L$838,'Data input'!$I$811:$I$838,E148,'Data input'!$J$811:$J$838,F148,'Data input'!$K$811:$K$838,G148) -> 75 | J148: {=_xlfn.XLOOKUP(E148&F148&G148,'Data input'!$I$844:$I$871&'Data input'!$J$844:$J$871&'Data input'!$K$844:$K$871,'Data input'!$L$844:$L$871)} -> 0.14 | K148: =I148*H148*J148 -> 22.47
E149: 2024 | F149: ES1 | G149: PF1 | H149: {=_xlfn.XLOOKUP(E149&F149&G149,'Data input'!$I$779:$I$806&'Data input'!$J$779:$J$806&'Data input'!$K$779:$K$806,'Data input'!$L$779:$L$806)} -> 2.01 | I149: =SUMIFS('Data input'!$L$811:$L$838,'Data input'!$I$811:$I$838,E149,'Data input'!$J$811:$J$838,F149,'Data input'!$K$811:$K$838,G149) -> 80 | J149: {=_xlfn.XLOOKUP(E149&F149&G149,'Data input'!$I$844:$I$871&'Data input'!$J$844:$J$871&'Data input'!$K$844:$K$871,'Data input'!$L$844:$L$871)} -> 0.15 | K149: =I149*H149*J149 -> 24.12
E150: 2025 | F150: ES1 | G150: PF1 | H150: {=_xlfn.XLOOKUP(E150&F150&G150,'Data input'!$I$779:$I$806&'Data input'!$J$779:$J$806&'Data input'!$K$779:$K$806,'Data input'!$L$779:$L$806)} -> 2.16 | I150: =SUMIFS('Data input'!$L$811:$L$838,'Data input'!$I$811:$I$838,E150,'Data input'!$J$811:$J$838,F150,'Data input'!$K$811:$K$838,G150) -> 85 | J150: {=_xlfn.XLOOKUP(E150&F150&G150,'Data input'!$I$844:$I$871&'Data input'!$J$844:$J$871&'Data input'!$K$844:$K$871,'Data input'!$L$844:$L$871)} -> 0.12 | K150: =I150*H150*J150 -> 22.032
E151: 2026 | F151: ES1 | G151: PF1 | H151: {=_xlfn.XLOOKUP(E151&F151&G151,'Data input'!$I$779:$I$806&'Data input'!$J$779:$J$806&'Data input'!$K$779:$K$806,'Data input'!$L$779:$L$806)} -> 2.17 | I151: =SUMIFS('Data input'!$L$811:$L$838,'Data input'!$I$811:$I$838,E151,'Data input'!$J$811:$J$838,F151,'Data input'!$K$811:$K$838,G151) -> 90 | J151: {=_xlfn.XLOOKUP(E151&F151&G151,'Data input'!$I$844:$I$871&'Data input'!$J$844:$J$871&'Data input'!$K$844:$K$871,'Data input'!$L$844:$L$871)} -> 0.13 | K151: =I151*H151*J151 -> 25.389
E152: 2020 | F152: ES2 | G152: PF1 | H152: {=_xlfn.XLOOKUP(E152&F152&G152,'Data input'!$I$779:$I$806&'Data input'!$J$779:$J$806&'Data input'!$K$779:$K$806,'Data input'!$L$779:$L$806)} -> 2.18 | I152: =SUMIFS('Data input'!$L$811:$L$838,'Data input'!$I$811:$I$838,E152,'Data input'!$J$811:$J$838,F152,'Data input'!$K$811:$K$838,G152) -> 96 | J152: {=_xlfn.XLOOKUP(E152&F152&G152,'Data input'!$I$844:$I$871&'Data input'!$J$844:$J$871&'Data input'!$K$844:$K$871,'Data input'!$L$844:$L$871)} -> 0 | K152: =I152*H152*J152 -> 0
E153: 2021 | F153: ES2 | G153: PF1 | H153: {=_xlfn.XLOOKUP(E153&F153&G153,'Data input'!$I$779:$I$806&'Data input'!$J$779:$J$806&'Data input'!$K$779:$K$806,'Data input'!$L$779:$L$806)} -> 2.19 | I153: =SUMIFS('Data input'!$L$811:$L$838,'Data input'!$I$811:$I$838,E153,'Data input'!$J$811:$J$838,F153,'Data input'!$K$811:$K$838,G153) -> 101.46429 | J153: {=_xlfn.XLOOKUP(E153&F153&G153,'Data input'!$I$844:$I$871&'Data input'!$J$844:$J$871&'Data input'!$K$844:$K$871,'Data input'!$L$844:$L$871)} -> 0.11 | K153: =I153*H153*J153 -> 24.442746
E154: 2022 | F154: ES2 | G154: PF1 | H154: {=_xlfn.XLOOKUP(E154&F154&G154,'Data input'!$I$779:$I$806&'Data input'!$J$779:$J$806&'Data input'!$K$779:$K$806,'Data input'!$L$779:$L$806)} -> 1.1 | I154: =SUMIFS('Data input'!$L$811:$L$838,'Data input'!$I$811:$I$838,E154,'Data input'!$J$811:$J$838,F154,'Data input'!$K$811:$K$838,G154) -> 106.92857 | J154: {=_xlfn.XLOOKUP(E154&F154&G154,'Data input'!$I$844:$I$871&'Data input'!$J$844:$J$871&'Data input'!$K$844:$K$871,'Data input'!$L$844:$L$871)} -> 0.080555556 | K154: =I154*H154*J154 -> 9.4750595
E155: 2023 | F155: ES2 | G155: PF1 | H155: {=_xlfn.XLOOKUP(E155&F155&G155,'Data input'!$I$779:$I$806&'Data input'!$J$779:$J$806&'Data input'!$K$779:$K$806,'Data input'!$L$779:$L$806)} -> 2.21 | I155: =SUMIFS('Data input'!$L$811:$L$838,'Data input'!$I$811:$I$838,E155,'Data input'!$J$811:$J$838,F155,'Data input'!$K$811:$K$838,G155) -> 112.39286 | J155: {=_xlfn.XLOOKUP(E155&F155&G155,'Data input'!$I$844:$I$871&'Data input'!$J$844:$J$871&'Data input'!$K$844:$K$871,'Data input'!$L$844:$L$871)} -> 0.074222222 | K155: =I155*H155*J155 -> 18.435925
E156: 2024 | F156: ES2 | G156: PF1 | H156: {=_xlfn.XLOOKUP(E156&F156&G156,'Data input'!$I$779:$I$806&'Data input'!$J$779:$J$806&'Data input'!$K$779:$K$806,'Data input'!$L$779:$L$806)} -> 2 | I156: =SUMIFS('Data input'!$L$811:$L$838,'Data input'!$I$811:$I$838,E156,'Data input'!$J$811:$J$838,F156,'Data input'!$K$811:$K$838,G156) -> 117.85714 | J156: {=_xlfn.XLOOKUP(E156&F156&G156,'Data input'!$I$844:$I$871&'Data input'!$J$844:$J$871&'Data input'!$K$844:$K$871,'Data input'!$L$844:$L$871)} -> 0.067888889 | K156: =I156*H156*J156 -> 16.002381
... E172: 2026 | F172: ES2 | G172: PF2 | H172: {=_xlfn.XLOOKUP(E172&F172&G172,'Data input'!$I$779:$I$806&'Data input'!$J$779:$J$806&'Data input'!$K$779:$K$806,'Data input'!$L$779:$L$806)} -> 2.38 | I172: =SUMIFS('Data input'!$L$811:$L$838,'Data input'!$I$811:$I$838,E172,'Data input'!$J$811:$J$838,F172,'Data input'!$K$811:$K$838,G172) -> 106.92857 | J172: {=_xlfn.XLOOKUP(E172&F172&G172,'Data input'!$I$844:$I$871&'Data input'!$J$844:$J$871&'Data input'!$K$844:$K$871,'Data input'!$L$844:$L$871)} -> 0.074222222 | K172: =I172*H172*J172 -> 18.888813
K173: =SUM(K145:K172) -> 577.93759

Sheet Tool 03 Calcs
F2: Biomass pre-treatment
F5: Table B1: Emissions associated with combustion of fossil fuels utilized for pre-treatment of waste biomass at production facility p in year y - PEDF,p,y
F6: Option used to calculate CO2 emission coefficient (COEFi,y)
F7: Option A1: CO2 emission coefficient 𝐶𝑂𝐸𝐹𝑖,𝑦 calculated based on the chemical composition of the fossil fuel (fuel quantity measured in mass units)
F8: Option A2: CO2 emission coefficient 𝐶𝑂𝐸𝐹𝑖,𝑦 calculated based on the chemical composition of the fossil fuel (fuel quantity measured in volume units)
F9: Option B: CO2 emission coefficient 𝐶𝑂𝐸𝐹𝑖,𝑦 calculated based on net calorific value and CO2 emission factor of the fuel
F13: Select option used to calculate CO2 emission coefficient (COEFi,y)
F14: Option A1
F19: Year | G19: PEDF,p,y
G20: tCO2e
F21: 2020 | G21: =IF('Tool 03 Calcs'!$F$14="Option A1", SUMIFS('Tool 03 Calcs'!$L$36:$L$63, 'Tool 03 Calcs'!$F$36:$F$63, F21), IF('Tool 03 Calcs'!$F$14="Option A2", SUMIFS('Tool 03 Calcs'!$M$71:$M$98, 'Tool 03 Calcs'!$F$71:$F$98, F21), IF('Tool 03 Calcs'!$F$14="Option B", SUMIFS('Tool 03 Calcs'!$M$106:$M$133, 'Tool 03 Calcs'!$F$106:$F$133, F21), 0))) -> 39.085567
F22: 2021 | G22: =IF('Tool 03 Calcs'!$F$14="Option A1", SUMIFS('Tool 03 Calcs'!$L$36:$L$63, 'Tool 03 Calcs'!$F$36:$F$63, F22), IF('Tool 03 Calcs'!$F$14="Option A2", SUMIFS('Tool 03 Calcs'!$M$71:$M$98, 'Tool 03 Calcs'!$F$71:$F$98, F22), IF('Tool 03 Calcs'!$F$14="Option B", SUMIFS('Tool 03 Calcs'!$M$106:$M$133, 'Tool 03 Calcs'!$F$106:$F$133, F22), 0))) -> 28.724667
F23: 2022 | G23: =IF('Tool 03 Calcs'!$F$14="Option A1", SUMIFS('Tool 03 Calcs'!$L$36:$L$63, 'Tool 03 Calcs'!$F$36:$F$63, F23), IF('Tool 03 Calcs'!$F$14="Option A2", SUMIFS('Tool 03 Calcs'!$M$71:$M$98, 'Tool 03 Calcs'!$F$71:$F$98, F23), IF('Tool 03 Calcs'!$F$14="Option B", SUMIFS('Tool 03 Calcs'!$M$106:$M$133, 'Tool 03 Calcs'!$F$106:$F$133, F23), 0))) -> 30.5855
F24: 2023 | G24: =IF('Tool 03 Calcs'!$F$14="Option A1", SUMIFS('Tool 03 Calcs'!$L$36:$L$63, 'Tool 03 Calcs'!$F$36:$F$63, F24), IF('Tool 03 Calcs'!$F$14="Option A2", SUMIFS('Tool 03 Calcs'!$M$71:$M$98, 'Tool 03 Calcs'!$F$71:$F$98, F24), IF('Tool 03 Calcs'!$F$14="Option B", SUMIFS('Tool 03 Calcs'!$M$106:$M$133, 'Tool 03 Calcs'!$F$106:$F$133, F24), 0))) -> 37.324467
F25: 2024 | G25: =IF('Tool 03 Calcs'!$F$14="Option A1", SUMIFS('Tool 03 Calcs'!$L$36:$L$63, 'Tool 03 Calcs'!$F$36:$F$63, F25), IF('Tool 03 Calcs'!$F$14="Option A2", SUMIFS('Tool 03 Calcs'!$M$71:$M$98, 'Tool 03 Calcs'!$F$71:$F$98, F25), IF('Tool 03 Calcs'!$F$14="Option B", SUMIFS('Tool 03 Calcs'!$M$106:$M$133, 'Tool 03 Calcs'!$F$106:$F$133, F25), 0))) -> 33.453567
F26: 2025 | G26: =IF('Tool 03 Calcs'!$F$14="Option A1", SUMIFS('Tool 03 Calcs'!$L$36:$L$63, 'Tool 03 Calcs'!$F$36:$F$63, F26), IF('Tool 03 Calcs'!$F$14="Option A2", SUMIFS('Tool 03 Calcs'!$M$71:$M$98, 'Tool 03 Calcs'!$F$71:$F$98, F26), IF('Tool 03 Calcs'!$F$14="Option B", SUMIFS('Tool 03 Calcs'!$M$106:$M$133, 'Tool 03 Calcs'!$F$106:$F$133, F26), 0))) -> 31.9242
F27: 2026 | G27: =IF('Tool 03 Calcs'!$F$14="Option A1", SUMIFS('Tool 03 Calcs'!$L$36:$L$63, 'Tool 03 Calcs'!$F$36:$F$63, F27), IF('Tool 03 Calcs'!$F$14="Option A2", SUMIFS('Tool 03 Calcs'!$M$71:$M$98, 'Tool 03 Calcs'!$F$71:$F$98, F27), IF('Tool 03 Calcs'!$F$14="Option B", SUMIFS('Tool 03 Calcs'!$M$106:$M$133, 'Tool 03 Calcs'!$F$106:$F$133, F27), 0))) -> 37.808833
G28: =SUM(G21:G27) -> 238.9068
F31: Table B1.1 (Option A1): CO2 emission coefficient calculated based on fuel quantity measured in mass unit
J32: TOOL03 | L32: TOOL03
J33: Equation 2 | L33: Equation 1
F34: Vintage Year | G34: Fuel Type (i) | H34: Production Facility (p) | I34: WC,i,y | J34: COEFi,y | K34: FCi,j,y | L34: PEFC,j,y = PEDF,p,y
I35: tCO2/mass or volume unit | J35: tCO2/mass or volume unit | K35: mass or volume unit/yr | L35: tCO2e/yr
F36: 2020 | G36: Diesel | H36: PF1 | I36: {=_xlfn.XLOOKUP(F36&G36&H36,'Data input'!$I$883:$I$910&'Data input'!$J$883:$J$910&'Data input'!$K$883:$K$910,'Data input'!$L$883:$L$910)} -> 0.5019 | J36: =I36*(44/12) -> 1.8403 | K36: =SUMIFS('Data input'!$L$915:$L$942,'Data input'!$I$915:$I$942,F36,'Data input'!$J$915:$J$942,G36,'Data input'!$K$915:$K$942,H36) -> 5 | L36: =J36*K36 -> 9.2015
F37: 2021 | G37: Diesel | H37: PF1 | I37: {=_xlfn.XLOOKUP(F37&G37&H37,'Data input'!$I$883:$I$910&'Data input'!$J$883:$J$910&'Data input'!$K$883:$K$910,'Data input'!$L$883:$L$910)} -> 0.502 | J37: =I37*(44/12) -> 1.8406667 | K37: =SUMIFS('Data input'!$L$915:$L$942,'Data input'!$I$915:$I$942,F37,'Data input'!$J$915:$J$942,G37,'Data input'!$K$915:$K$942,H37) -> 4 | L37: =J37*K37 -> 7.3626667
F38: 2022 | G38: Diesel | H38: PF1 | I38: {=_xlfn.XLOOKUP(F38&G38&H38,'Data input'!$I$883:$I$910&'Data input'!$J$883:$J$910&'Data input'!$K$883:$K$910,'Data input'!$L$883:$L$910)} -> 0.5021 | J38: =I38*(44/12) -> 1.8410333 | K38: =SUMIFS('Data input'!$L$915:$L$942,'Data input'!$I$915:$I$942,F38,'Data input'!$J$915:$J$942,G38,'Data input'!$K$915:$K$942,H38) -> 1 | L38: =J38*K38 -> 1.8410333
F39: 2023 | G39: Diesel | H39: PF1 | I39: {=_xlfn.XLOOKUP(F39&G39&H39,'Data input'!$I$883:$I$910&'Data input'!$J$883:$J$910&'Data input'!$K$883:$K$910,'Data input'!$L$883:$L$910)} -> 0.5022 | J39: =I39*(44/12) -> 1.8414 | K39: =SUMIFS('Data input'!$L$915:$L$942,'Data input'!$I$915:$I$942,F39,'Data input'!$J$915:$J$942,G39,'Data input'!$K$915:$K$942,H39) -> 2 | L39: =J39*K39 -> 3.6828
F40: 2024 | G40: Diesel | H40: PF1 | I40: {=_xlfn.XLOOKUP(F40&G40&H40,'Data input'!$I$883:$I$910&'Data input'!$J$883:$J$910&'Data input'!$K$883:$K$910,'Data input'!$L$883:$L$910)} -> 0.5023 | J40: =I40*(44/12) -> 1.8417667 | K40: =SUMIFS('Data input'!$L$915:$L$942,'Data input'!$I$915:$I$942,F40,'Data input'!$J$915:$J$942,G40,'Data input'!$K$915:$K$942,H40) -> 5 | L40: =J40*K40 -> 9.2088333
F41: 2025 | G41: Diesel | H41: PF1 | I41: {=_xlfn.XLOOKUP(F41&G41&H41,'Data input'!$I$883:$I$910&'Data input'!$J$883:$J$910&'Data input'!$K$883:$K$910,'Data input'!$L$883:$L$910)} -> 0.5024 | J41: =I41*(44/12) -> 1.8421333 | K41: =SUMIFS('Data input'!$L$915:$L$942,'Data input'!$I$915:$I$942,F41,'Data input'!$J$915:$J$942,G41,'Data input'!$K$915:$K$942,H41) -> 4 | L41: =J41*K41 -> 7.3685333
F42: 2026 | G42: Diesel | H42: PF1 | I42: {=_xlfn.XLOOKUP(F42&G42&H42,'Data input'!$I$883:$I$910&'Data input'!$J$883:$J$910&'Data input'!$K$883:$K$910,'Data input'!$L$883:$L$910)} -> 0.5025 | J42: =I42*(44/12) -> 1.8425 | K42: =SUMIFS('Data input'!$L$915:$L$942,'Data input'!$I$915:$I$942,F42,'Data input'!$J$915:$J$942,G42,'Data input'!$K$915:$K$942,H42) -> 7 | L42: =J42*K42 -> 12.8975
F43: 2020 | G43: Diesel | H43: PF2 | I43: {=_xlfn.XLOOKUP(F43&G43&H43,'Data input'!$I$883:$I$910&'Data input'!$J$883:$J$910&'Data input'!$K$883:$K$910,'Data input'!$L$883:$L$910)} -> 0.5019 | J43: =I43*(44/12) -> 1.8403 | K43: =SUMIFS('Data input'!$L$915:$L$942,'Data input'!$I$915:$I$942,F43,'Data input'!$J$915:$J$942,G43,'Data input'!$K$915:$K$942,H43) -> 8 | L43: =J43*K43 -> 14.7224
F44: 2021 | G44: Diesel | H44: PF2 | I44: {=_xlfn.XLOOKUP(F44&G44&H44,'Data input'!$I$883:$I$910&'Data input'!$J$883:$J$910&'Data input'!$K$883:$K$910,'Data input'!$L$883:$L$910)} -> 0.502 | J44: =I44*(44/12) -> 1.8406667 | K44: =SUMIFS('Data input'!$L$915:$L$942,'Data input'!$I$915:$I$942,F44,'Data input'!$J$915:$J$942,G44,'Data input'!$K$915:$K$942,H44) -> 5 | L44: =J44*K44 -> 9.2033333
F45: 2022 | G45: Diesel | H45: PF2 | I45: {=_xlfn.XLOOKUP(F45&G45&H45,'Data input'!$I$883:$I$910&'Data input'!$J$883:$J$910&'Data input'!$K$883:$K$910,'Data input'!$L$883:$L$910)} -> 0.5021 | J45: =I45*(44/12) -> 1.8410333 | K45: =SUMIFS('Data input'!$L$915:$L$942,'Data input'!$I$915:$I$942,F45,'Data input'!$J$915:$J$942,G45,'Data input'!$K$915:$K$942,H45) -> 4 | L45: =J45*K45 -> 7.3641333
F46: 2023 | G46: Diesel | H46: PF2 | I46: {=_xlfn.XLOOKUP(F46&G46&H46,'Data input'!$I$883:$I$910&'Data input'!$J$883:$J$910&'Data input'!$K$883:$K$910,'Data input'!$L$883:$L$910)} -> 0.5022 | J46: =I46*(44/12) -> 1.8414 | K46: =SUMIFS('Data input'!$L$915:$L$942,'Data input'!$I$915:$I$942,F46,'Data input'!$J$915:$J$942,G46,'Data input'!$K$915:$K$942,H46) -> 5 | L46: =J46*K46 -> 9.207
F47: 2024 | G47: Diesel | H47: PF2 | I47: {=_xlfn.XLOOKUP(F47&G47&H47,'Data input'!$I$883:$I$910&'Data input'!$J$883:$J$910&'Data input'!$K$883:$K$910,'Data input'!$L$883:$L$910)} -> 0.5023 | J47: =I47*(44/12) -> 1.8417667 | K47: =SUMIFS('Data input'!$L$915:$L$942,'Data input'!$I$915:$I$942,F47,'Data input'!$J$915:$J$942,G47,'Data input'!$K$915:$K$942,H47) -> 4 | L47: =J47*K47 -> 7.3670667
... F63: 2026 | G63: Gasoline | H63: PF2 | I63: {=_xlfn.XLOOKUP(F63&G63&H63,'Data input'!$I$883:$I$910&'Data input'!$J$883:$J$910&'Data input'!$K$883:$K$910,'Data input'!$L$883:$L$910)} -> 0.423 | J63: =I63*(44/12) -> 1.551 | K63: =SUMIFS('Data input'!$L$915:$L$942,'Data input'!$I$915:$I$942,F63,'Data input'!$J$915:$J$942,G63,'Data input'!$K$915:$K$942,H63) -> 5 | L63: =J63*K63 -> 7.755
L64: =SUM(L36:L63) -> 238.9068
F66: Table B1.2 (Option A2): CO2 emission coefficient calculated based on fuel quantity measured in volume unit
K67: TOOL03 | M67: TOOL03
K68: Equation 3 | M68: Equation 1
F69: Vintage Year | G69: Fuel Type (i) | H69: Production Facility (p) | I69: WC,i,y | J69: ρ i,y | K69: COEFi,y | L69: FCi,j,y | M69: PEFC,j,y = PEDF,p,y
I70: tCO2/mass or volume unit | J70: mass unit/volume unit of the fuel | K70: tCO2/mass or volume unit | L70: mass or volume unit/yr | M70: tCO2e/yr
F71: 2020 | G71: Diesel | H71: PF1 | I71: {=_xlfn.XLOOKUP(F71&G71&H71,'Data input'!$I$883:$I$910&'Data input'!$J$883:$J$910&'Data input'!$K$883:$K$910,'Data input'!$L$883:$L$910)} -> 0.5019 | J71: =_xlfn.XLOOKUP(G71,'Data input'!$I$952:$I$953,'Data input'!$J$952:$J$953) -> 0.00084 | K71: =I71*J71*(44/12) -> 0.001545852 | L71: =SUMIFS('Data input'!$L$915:$L$942,'Data input'!$I$915:$I$942,F71,'Data input'!$J$915:$J$942,G71,'Data input'!$K$915:$K$942,H71) -> 5 | M71: =K71*L71 -> 0.00772926
F72: 2021 | G72: Diesel | H72: PF1 | I72: {=_xlfn.XLOOKUP(F72&G72&H72,'Data input'!$I$883:$I$910&'Data input'!$J$883:$J$910&'Data input'!$K$883:$K$910,'Data input'!$L$883:$L$910)} -> 0.502 | J72: =_xlfn.XLOOKUP(G72,'Data input'!$I$952:$I$953,'Data input'!$J$952:$J$953) -> 0.00084 | K72: =I72*J72*(44/12) -> 0.00154616 | L72: =SUMIFS('Data input'!$L$915:$L$942,'Data input'!$I$915:$I$942,F72,'Data input'!$J$915:$J$942,G72,'Data input'!$K$915:$K$942,H72) -> 4 | M72: =K72*L72 -> 0.00618464
F73: 2022 | G73: Diesel | H73: PF1 | I73: {=_xlfn.XLOOKUP(F73&G73&H73,'Data input'!$I$883:$I$910&'Data input'!$J$883:$J$910&'Data input'!$K$883:$K$910,'Data input'!$L$883:$L$910)} -> 0.5021 | J73: =_xlfn.XLOOKUP(G73,'Data input'!$I$952:$I$953,'Data input'!$J$952:$J$953) -> 0.00084 | K73: =I73*J73*(44/12) -> 0.001546468 | L73: =SUMIFS('Data input'!$L$915:$L$942,'Data input'!$I$915:$I$942,F73,'Data input'!$J$915:$J$942,G73,'Data input'!$K$915:$K$942,H73) -> 1 | M73: =K73*L73 -> 0.001546468
F74: 2023 | G74: Diesel | H74: PF1 | I74: {=_xlfn.XLOOKUP(F74&G74&H74,'Data input'!$I$883:$I$910&'Data input'!$J$883:$J$910&'Data input'!$K$883:$K$910,'Data input'!$L$883:$L$910)} -> 0.5022 | J74: =_xlfn.XLOOKUP(G74,'Data input'!$I$952:$I$953,'Data input'!$J$952:$J$953) -> 0.00084 | K74: =I74*J74*(44/12) -> 0.001546776 | L74: =SUMIFS('Data input'!$L$915:$L$942,'Data input'!$I$915:$I$942,F74,'Data input'!$J$915:$J$942,G74,'Data input'!$K$915:$K$942,H74) -> 2 | M74: =K74*L74 -> 0.003093552
F75: 2024 | G75: Diesel | H75: PF1 | I75: {=_xlfn.XLOOKUP(F75&G75&H75,'Data input'!$I$883:$I$910&'Data input'!$J$883:$J$910&'Data input'!$K$883:$K$910,'Data input'!$L$883:$L$910)} -> 0.5023 | J75: =_xlfn.XLOOKUP(G75,'Data input'!$I$952:$I$953,'Data input'!$J$952:$J$953) -> 0.00084 | K75: =I75*J75*(44/12) -> 0.001547084 | L75: =SUMIFS('Data input'!$L$915:$L$942,'Data input'!$I$915:$I$942,F75,'Data input'!$J$915:$J$942,G75,'Data input'!$K$915:$K$942,H75) -> 5 | M75: =K75*L75 -> 0.00773542
F76: 2025 | G76: Diesel | H76: PF1 | I76: {=_xlfn.XLOOKUP(F76&G76&H76,'Data input'!$I$883:$I$910&'Data input'!$J$883:$J$910&'Data input'!$K$883:$K$910,'Data input'!$L$883:$L$910)} -> 0.5024 | J76: =_xlfn.XLOOKUP(G76,'Data input'!$I$952:$I$953,'Data input'!$J$952:$J$953) -> 0.00084 | K76: =I76*J76*(44/12) -> 0.001547392 | L76: =SUMIFS('Data input'!$L$915:$L$942,'Data input'!$I$915:$I$942,F76,'Data input'!$J$915:$J$942,G76,'Data input'!$K$915:$K$942,H76) -> 4 | M76: =K76*L76 -> 0.006189568
F77: 2026 | G77: Diesel | H77: PF1 | I77: {=_xlfn.XLOOKUP(F77&G77&H77,'Data input'!$I$883:$I$910&'Data input'!$J$883:$J$910&'Data input'!$K$883:$K$910,'Data input'!$L$883:$L$910)} -> 0.5025 | J77: =_xlfn.XLOOKUP(G77,'Data input'!$I$952:$I$953,'Data input'!$J$952:$J$953) -> 0.00084 | K77: =I77*J77*(44/12) -> 0.0015477 | L77: =SUMIFS('Data input'!$L$915:$L$942,'Data input'!$I$915:$I$942,F77,'Data input'!$J$915:$J$942,G77,'Data input'!$K$915:$K$942,H77) -> 7 | M77: =K77*L77 -> 0.0108339
F78: 2020 | G78: Diesel | H78: PF2 | I78: {=_xlfn.XLOOKUP(F78&G78&H78,'Data input'!$I$883:$I$910&'Data input'!$J$883:$J$910&'Data input'!$K$883:$K$910,'Data input'!$L$883:$L$910)} -> 0.5019 | J78: =_xlfn.XLOOKUP(G78,'Data input'!$I$952:$I$953,'Data input'!$J$952:$J$953) -> 0.00084 | K78: =I78*J78*(44/12) -> 0.001545852 | L78: =SUMIFS('Data input'!$L$915:$L$942,'Data input'!$I$915:$I$942,F78,'Data input'!$J$915:$J$942,G78,'Data input'!$K$915:$K$942,H78) -> 8 | M78: =K78*L78 -> 0.012366816
F79: 2021 | G79: Diesel | H79: PF2 | I79: {=_xlfn.XLOOKUP(F79&G79&H79,'Data input'!$I$883:$I$910&'Data input'!$J$883:$J$910&'Data input'!$K$883:$K$910,'Data input'!$L$883:$L$910)} -> 0.502 | J79: =_xlfn.XLOOKUP(G79,'Data input'!$I$952:$I$953,'Data input'!$J$952:$J$953) -> 0.00084 | K79: =I79*J79*(44/12) -> 0.00154616 | L79: =SUMIFS('Data input'!$L$915:$L$942,'Data input'!$I$915:$I$942,F79,'Data input'!$J$915:$J$942,G79,'Data input'!$K$915:$K$942,H79) -> 5 | M79: =K79*L79 -> 0.0077308
F80: 2022 | G80: Diesel | H80: PF2 | I80: {=_xlfn.XLOOKUP(F80&G80&H80,'Data input'!$I$883:$I$910&'Data input'!$J$883:$J$910&'Data input'!$K$883:$K$910,'Data input'!$L$883:$L$910)} -> 0.5021 | J80: =_xlfn.XLOOKUP(G80,'Data input'!$I$952:$I$953,'Data input'!$J$952:$J$953) -> 0.00084 | K80: =I80*J80*(44/12) -> 0.001546468 | L80: =SUMIFS('Data input'!$L$915:$L$942,'Data input'!$I$915:$I$942,F80,'Data input'!$J$915:$J$942,G80,'Data input'!$K$915:$K$942,H80) -> 4 | M80: =K80*L80 -> 0.006185872
F81: 2023 | G81: Diesel | H81: PF2 | I81: {=_xlfn.XLOOKUP(F81&G81&H81,'Data input'!$I$883:$I$910&'Data input'!$J$883:$J$910&'Data input'!$K$883:$K$910,'Data input'!$L$883:$L$910)} -> 0.5022 | J81: =_xlfn.XLOOKUP(G81,'Data input'!$I$952:$I$953,'Data input'!$J$952:$J$953) -> 0.00084 | K81: =I81*J81*(44/12) -> 0.001546776 | L81: =SUMIFS('Data input'!$L$915:$L$942,'Data input'!$I$915:$I$942,F81,'Data input'!$J$915:$J$942,G81,'Data input'!$K$915:$K$942,H81) -> 5 | M81: =K81*L81 -> 0.00773388
F82: 2024 | G82: Diesel | H82: PF2 | I82: {=_xlfn.XLOOKUP(F82&G82&H82,'Data input'!$I$883:$I$910&'Data input'!$J$883:$J$910&'Data input'!$K$883:$K$910,'Data input'!$L$883:$L$910)} -> 0.5023 | J82: =_xlfn.XLOOKUP(G82,'Data input'!$I$952:$I$953,'Data input'!$J$952:$J$953) -> 0.00084 | K82: =I82*J82*(44/12) -> 0.001547084 | L82: =SUMIFS('Data input'!$L$915:$L$942,'Data input'!$I$915:$I$942,F82,'Data input'!$J$915:$J$942,G82,'Data input'!$K$915:$K$942,H82) -> 4 | M82: =K82*L82 -> 0.006188336
... F98: 2026 | G98: Gasoline | H98: PF2 | I98: {=_xlfn.XLOOKUP(F98&G98&H98,'Data input'!$I$883:$I$910&'Data input'!$J$883:$J$910&'Data input'!$K$883:$K$910,'Data input'!$L$883:$L$910)} -> 0.423 | J98: =_xlfn.XLOOKUP(G98,'Data input'!$I$952:$I$953,'Data input'!$J$952:$J$953) -> 0.00075 | K98: =I98*J98*(44/12) -> 0.00116325 | L98: =SUMIFS('Data input'!$L$915:$L$942,'Data input'!$I$915:$I$942,F98,'Data input'!$J$915:$J$942,G98,'Data input'!$K$915:$K$942,H98) -> 5 | M98: =K98*L98 -> 0.00581625
M99: =SUM(M71:M98) -> 0.18995242
F101: Table B1.3 (Option B): CO2 emission coefficient calculated based on net calorific value and emission factors value of fuel
K102: TOOL03 | M102: TOOL03
K103: Equation 4 | M103: Equation 1
F104: Vintage Year | G104: Fuel Type (i) | H104: Production Facility (p) | I104: NCVi,y | J104: EFCO2,i,y | K104: COEFi,y | L104: FCi,j,y | M104: PEFC,j,y = PEDF,p,y
I105: GJ/tonne | J105: tCO2/GJ | K105: tCO2/mass or volume unit | L105: mass or volume unit/yr | M105: tCO2e/yr
F106: 2020 | G106: Diesel | H106: PF1 | I106: {=_xlfn.XLOOKUP(F106&G106&H106,'Data input'!$I$963:$I$990&'Data input'!$J$963:$J$990&'Data input'!$K$963:$K$990,'Data input'!$L$963:$L$990)} -> 43.3 | J106: {=_xlfn.XLOOKUP(F106&G106&H106,'Data input'!$I$996:$I$1023&'Data input'!$J$996:$J$1023&'Data input'!$K$996:$K$1023,'Data input'!$L$996:$L$1023)} -> 2.6 | K106: =I106*J106 -> 112.58 | L106: =SUMIFS('Data input'!$L$915:$L$942,'Data input'!$I$915:$I$942,F106,'Data input'!$J$915:$J$942,G106,'Data input'!$K$915:$K$942,H106) -> 5 | M106: =K106*L106 -> 562.9
F107: 2021 | G107: Diesel | H107: PF1 | I107: {=_xlfn.XLOOKUP(F107&G107&H107,'Data input'!$I$963:$I$990&'Data input'!$J$963:$J$990&'Data input'!$K$963:$K$990,'Data input'!$L$963:$L$990)} -> 43.31 | J107: {=_xlfn.XLOOKUP(F107&G107&H107,'Data input'!$I$996:$I$1023&'Data input'!$J$996:$J$1023&'Data input'!$K$996:$K$1023,'Data input'!$L$996:$L$1023)} -> 2.61 | K107: =I107*J107 -> 113.0391 | L107: =SUMIFS('Data input'!$L$915:$L$942,'Data input'!$I$915:$I$942,F107,'Data input'!$J$915:$J$942,G107,'Data input'!$K$915:$K$942,H107) -> 4 | M107: =K107*L107 -> 452.1564
F108: 2022 | G108: Diesel | H108: PF1 | I108: {=_xlfn.XLOOKUP(F108&G108&H108,'Data input'!$I$963:$I$990&'Data input'!$J$963:$J$990&'Data input'!$K$963:$K$990,'Data input'!$L$963:$L$990)} -> 43.29 | J108: {=_xlfn.XLOOKUP(F108&G108&H108,'Data input'!$I$996:$I$1023&'Data input'!$J$996:$J$1023&'Data input'!$K$996:$K$1023,'Data input'!$L$996:$L$1023)} -> 2.62 | K108: =I108*J108 -> 113.4198 | L108: =SUMIFS('Data input'!$L$915:$L$942,'Data input'!$I$915:$I$942,F108,'Data input'!$J$915:$J$942,G108,'Data input'!$K$915:$K$942,H108) -> 1 | M108: =K108*L108 -> 113.4198
F109: 2023 | G109: Diesel | H109: PF1 | I109: {=_xlfn.XLOOKUP(F109&G109&H109,'Data input'!$I$963:$I$990&'Data input'!$J$963:$J$990&'Data input'!$K$963:$K$990,'Data input'!$L$963:$L$990)} -> 43.29 | J109: {=_xlfn.XLOOKUP(F109&G109&H109,'Data input'!$I$996:$I$1023&'Data input'!$J$996:$J$1023&'Data input'!$K$996:$K$1023,'Data input'!$L$996:$L$1023)} -> 2.63 | K109: =I109*J109 -> 113.8527 | L109: =SUMIFS('Data input'!$L$915:$L$942,'Data input'!$I$915:$I$942,F109,'Data input'!$J$915:$J$942,G109,'Data input'!$K$915:$K$942,H109) -> 2 | M109: =K109*L109 -> 227.7054
F110: 2024 | G110: Diesel | H110: PF1 | I110: {=_xlfn.XLOOKUP(F110&G110&H110,'Data input'!$I$963:$I$990&'Data input'!$J$963:$J$990&'Data input'!$K$963:$K$990,'Data input'!$L$963:$L$990)} -> 43.285 | J110: {=_xlfn.XLOOKUP(F110&G110&H110,'Data input'!$I$996:$I$1023&'Data input'!$J$996:$J$1023&'Data input'!$K$996:$K$1023,'Data input'!$L$996:$L$1023)} -> 2.63 | K110: =I110*J110 -> 113.83955 | L110: =SUMIFS('Data input'!$L$915:$L$942,'Data input'!$I$915:$I$942,F110,'Data input'!$J$915:$J$942,G110,'Data input'!$K$915:$K$942,H110) -> 5 | M110: =K110*L110 -> 569.19775
F111: 2025 | G111: Diesel | H111: PF1 | I111: {=_xlfn.XLOOKUP(F111&G111&H111,'Data input'!$I$963:$I$990&'Data input'!$J$963:$J$990&'Data input'!$K$963:$K$990,'Data input'!$L$963:$L$990)} -> 43.28 | J111: {=_xlfn.XLOOKUP(F111&G111&H111,'Data input'!$I$996:$I$1023&'Data input'!$J$996:$J$1023&'Data input'!$K$996:$K$1023,'Data input'!$L$996:$L$1023)} -> 2.65 | K111: =I111*J111 -> 114.692 | L111: =SUMIFS('Data input'!$L$915:$L$942,'Data input'!$I$915:$I$942,F111,'Data input'!$J$915:$J$942,G111,'Data input'!$K$915:$K$942,H111) -> 4 | M111: =K111*L111 -> 458.768
F112: 2026 | G112: Diesel | H112: PF1 | I112: {=_xlfn.XLOOKUP(F112&G112&H112,'Data input'!$I$963:$I$990&'Data input'!$J$963:$J$990&'Data input'!$K$963:$K$990,'Data input'!$L$963:$L$990)} -> 43.275 | J112: {=_xlfn.XLOOKUP(F112&G112&H112,'Data input'!$I$996:$I$1023&'Data input'!$J$996:$J$1023&'Data input'!$K$996:$K$1023,'Data input'!$L$996:$L$1023)} -> 2.67 | K112: =I112*J112 -> 115.54425 | L112: =SUMIFS('Data input'!$L$915:$L$942,'Data input'!$I$915:$I$942,F112,'Data input'!$J$915:$J$942,G112,'Data input'!$K$915:$K$942,H112) -> 7 | M112: =K112*L112 -> 808.80975
F113: 2020 | G113: Diesel | H113: PF2 | I113: {=_xlfn.XLOOKUP(F113&G113&H113,'Data input'!$I$963:$I$990&'Data input'!$J$963:$J$990&'Data input'!$K$963:$K$990,'Data input'!$L$963:$L$990)} -> 44.8 | J113: {=_xlfn.XLOOKUP(F113&G113&H113,'Data input'!$I$996:$I$1023&'Data input'!$J$996:$J$1023&'Data input'!$K$996:$K$1023,'Data input'!$L$996:$L$1023)} -> 2.7 | K113: =I113*J113 -> 120.96 | L113: =SUMIFS('Data input'!$L$915:$L$942,'Data input'!$I$915:$I$942,F113,'Data input'!$J$915:$J$942,G113,'Data input'!$K$915:$K$942,H113) -> 8 | M113: =K113*L113 -> 967.68
F114: 2021 | G114: Diesel | H114: PF2 | I114: {=_xlfn.XLOOKUP(F114&G114&H114,'Data input'!$I$963:$I$990&'Data input'!$J$963:$J$990&'Data input'!$K$963:$K$990,'Data input'!$L$963:$L$990)} -> 44.81 | J114: {=_xlfn.XLOOKUP(F114&G114&H114,'Data input'!$I$996:$I$1023&'Data input'!$J$996:$J$1023&'Data input'!$K$996:$K$1023,'Data input'!$L$996:$L$1023)} -> 3.2 | K114: =I114*J114 -> 143.392 | L114: =SUMIFS('Data input'!$L$915:$L$942,'Data input'!$I$915:$I$942,F114,'Data input'!$J$915:$J$942,G114,'Data input'!$K$915:$K$942,H114) -> 5 | M114: =K114*L114 -> 716.96
F115: 2022 | G115: Diesel | H115: PF2 | I115: {=_xlfn.XLOOKUP(F115&G115&H115,'Data input'!$I$963:$I$990&'Data input'!$J$963:$J$990&'Data input'!$K$963:$K$990,'Data input'!$L$963:$L$990)} -> 44.79 | J115: {=_xlfn.XLOOKUP(F115&G115&H115,'Data input'!$I$996:$I$1023&'Data input'!$J$996:$J$1023&'Data input'!$K$996:$K$1023,'Data input'!$L$996:$L$1023)} -> 3.3 | K115: =I115*J115 -> 147.807 | L115: =SUMIFS('Data input'!$L$915:$L$942,'Data input'!$I$915:$I$942,F115,'Data input'!$J$915:$J$942,G115,'Data input'!$K$915:$K$942,H115) -> 4 | M115: =K115*L115 -> 591.228
F116: 2023 | G116: Diesel | H116: PF2 | I116: {=_xlfn.XLOOKUP(F116&G116&H116,'Data input'!$I$963:$I$990&'Data input'!$J$963:$J$990&'Data input'!$K$963:$K$990,'Data input'!$L$963:$L$990)} -> 44.78 | J116: {=_xlfn.XLOOKUP(F116&G116&H116,'Data input'!$I$996:$I$1023&'Data input'!$J$996:$J$1023&'Data input'!$K$996:$K$1023,'Data input'!$L$996:$L$1023)} -> 2.61 | K116: =I116*J116 -> 116.8758 | L116: =SUMIFS('Data input'!$L$915:$L$942,'Data input'!$I$915:$I$942,F116,'Data input'!$J$915:$J$942,G116,'Data input'!$K$915:$K$942,H116) -> 5 | M116: =K116*L116 -> 584.379
F117: 2024 | G117: Diesel | H117: PF2 | I117: {=_xlfn.XLOOKUP(F117&G117&H117,'Data input'!$I$963:$I$990&'Data input'!$J$963:$J$990&'Data input'!$K$963:$K$990,'Data input'!$L$963:$L$990)} -> 44.82 | J117: {=_xlfn.XLOOKUP(F117&G117&H117,'Data input'!$I$996:$I$1023&'Data input'!$J$996:$J$1023&'Data input'!$K$996:$K$1023,'Data input'!$L$996:$L$1023)} -> 2.62 | K117: =I117*J117 -> 117.4284 | L117: =SUMIFS('Data input'!$L$915:$L$942,'Data input'!$I$915:$I$942,F117,'Data input'!$J$915:$J$942,G117,'Data input'!$K$915:$K$942,H117) -> 4 | M117: =K117*L117 -> 469.7136
... F133: 2026 | G133: Gasoline | H133: PF2 | I133: {=_xlfn.XLOOKUP(F133&G133&H133,'Data input'!$I$963:$I$990&'Data input'!$J$963:$J$990&'Data input'!$K$963:$K$990,'Data input'!$L$963:$L$990)} -> 44.82 | J133: {=_xlfn.XLOOKUP(F133&G133&H133,'Data input'!$I$996:$I$1023&'Data input'!$J$996:$J$1023&'Data input'!$K$996:$K$1023,'Data input'!$L$996:$L$1023)} -> 2.63 | K133: =I133*J133 -> 117.8766 | L133: =SUMIFS('Data input'!$L$915:$L$942,'Data input'!$I$915:$I$942,F133,'Data input'!$J$915:$J$942,G133,'Data input'!$K$915:$K$942,H133) -> 5 | M133: =K133*L133 -> 589.383
M134: =SUM(M106:M133) -> 17218.269
F136: Starting a reactor
F139: Table B2: Emissions associated with combustion of fossil fuels utilized for starting the reactor at production facility p in year y - PECF,p,y
F141: Options used to calculate CO2 emission coefficient (COEFi,y)
F142: Option A1: CO2 emission coefficient 𝐶𝑂𝐸𝐹𝑖,𝑦 calculated based on the chemical composition of the fossil fuel (fuel quantity measured in mass units)
F143: Option A2: CO2 emission coefficient 𝐶𝑂𝐸𝐹𝑖,𝑦 calculated based on the chemical composition of the fossil fuel (fuel quantity measured in volume units)
F144: Option B: CO2 emission coefficient 𝐶𝑂𝐸𝐹𝑖,𝑦 calculated based on net calorific value and CO2 emission factor of the fuel
F147: Select option used to calculate CO2 emission coefficient (COEFi,y)
F148: Option A2
G149: TOOL03
G150: Equation 1
F151: Year | G151: PECF,p,y
G152: tCO2e
F153: 2020 | G153: =IF('Tool 03 Calcs'!$F$148="Option A1", SUMIFS('Tool 03 Calcs'!$L$168:$L$195, 'Tool 03 Calcs'!$F$168:$F$195, F153), IF('Tool 03 Calcs'!$F$148="Option A2", SUMIFS('Tool 03 Calcs'!$M$203:$M$230, 'Tool 03 Calcs'!$F$203:$F$230, F153), IF('Tool 03 Calcs'!$F$148="Option B", SUMIFS('Tool 03 Calcs'!$M$238:$M$265, 'Tool 03 Calcs'!$F$238:$F$265, F153), 0))) -> 0.013792608
F154: 2021 | G154: =IF('Tool 03 Calcs'!$F$148="Option A1", SUMIFS('Tool 03 Calcs'!$L$168:$L$195, 'Tool 03 Calcs'!$F$168:$F$195, F154), IF('Tool 03 Calcs'!$F$148="Option A2", SUMIFS('Tool 03 Calcs'!$M$203:$M$230, 'Tool 03 Calcs'!$F$203:$F$230, F154), IF('Tool 03 Calcs'!$F$148="Option B", SUMIFS('Tool 03 Calcs'!$M$238:$M$265, 'Tool 03 Calcs'!$F$238:$F$265, F154), 0))) -> 0.010918505
F155: 2022 | G155: =IF('Tool 03 Calcs'!$F$148="Option A1", SUMIFS('Tool 03 Calcs'!$L$168:$L$195, 'Tool 03 Calcs'!$F$168:$F$195, F155), IF('Tool 03 Calcs'!$F$148="Option A2", SUMIFS('Tool 03 Calcs'!$M$203:$M$230, 'Tool 03 Calcs'!$F$203:$F$230, F155), IF('Tool 03 Calcs'!$F$148="Option B", SUMIFS('Tool 03 Calcs'!$M$238:$M$265, 'Tool 03 Calcs'!$F$238:$F$265, F155), 0))) -> 0.011470785
F156: 2023 | G156: =IF('Tool 03 Calcs'!$F$148="Option A1", SUMIFS('Tool 03 Calcs'!$L$168:$L$195, 'Tool 03 Calcs'!$F$168:$F$195, F156), IF('Tool 03 Calcs'!$F$148="Option A2", SUMIFS('Tool 03 Calcs'!$M$203:$M$230, 'Tool 03 Calcs'!$F$203:$F$230, F156), IF('Tool 03 Calcs'!$F$148="Option B", SUMIFS('Tool 03 Calcs'!$M$238:$M$265, 'Tool 03 Calcs'!$F$238:$F$265, F156), 0))) -> 0.012024287
F157: 2024 | G157: =IF('Tool 03 Calcs'!$F$148="Option A1", SUMIFS('Tool 03 Calcs'!$L$168:$L$195, 'Tool 03 Calcs'!$F$168:$F$195, F157), IF('Tool 03 Calcs'!$F$148="Option A2", SUMIFS('Tool 03 Calcs'!$M$203:$M$230, 'Tool 03 Calcs'!$F$203:$F$230, F157), IF('Tool 03 Calcs'!$F$148="Option B", SUMIFS('Tool 03 Calcs'!$M$238:$M$265, 'Tool 03 Calcs'!$F$238:$F$265, F157), 0))) -> 0.012858861
F158: 2025 | G158: =IF('Tool 03 Calcs'!$F$148="Option A1", SUMIFS('Tool 03 Calcs'!$L$168:$L$195, 'Tool 03 Calcs'!$F$168:$F$195, F158), IF('Tool 03 Calcs'!$F$148="Option A2", SUMIFS('Tool 03 Calcs'!$M$203:$M$230, 'Tool 03 Calcs'!$F$203:$F$230, F158), IF('Tool 03 Calcs'!$F$148="Option B", SUMIFS('Tool 03 Calcs'!$M$238:$M$265, 'Tool 03 Calcs'!$F$238:$F$265, F158), 0))) -> 0.013486725
F159: 2026 | G159: =IF('Tool 03 Calcs'!$F$148="Option A1", SUMIFS('Tool 03 Calcs'!$L$168:$L$195, 'Tool 03 Calcs'!$F$168:$F$195, F159), IF('Tool 03 Calcs'!$F$148="Option A2", SUMIFS('Tool 03 Calcs'!$M$203:$M$230, 'Tool 03 Calcs'!$F$203:$F$230, F159), IF('Tool 03 Calcs'!$F$148="Option B", SUMIFS('Tool 03 Calcs'!$M$238:$M$265, 'Tool 03 Calcs'!$F$238:$F$265, F159), 0))) -> 0.014038871
G160: =SUM(G153:G159) -> 0.088590643
F163: Table B2.1 (Option A1): CO2 emission coefficient calculated based on fuel quantity measured in mass unit
J164: TOOL03 | L164: TOOL03
J165: Equation 2 | L165: Equation 1
F166: Vintage Year | G166: Fuel Type (i) | H166: Production Facility (p) | I166: WC,i,y | J166: COEFi,y | K166: FCi,j,y | L166: PEFC,j,y = PECF,p,y
I167: tCO2/mass or volume unit | J167: tCO2/mass or volume unit | K167: mass or volume unit/yr | L167: tCO2e/yr
...

Sheet Data input
I5: Data for table 1
J7: BESSy value is zero by default, do not ask this parameter from user, instead assume this to be zero as per section 8.1.1. of VM0044 v1.2
I8: Year | J8: BESS,y
I9: 2020 | J9: 0
I10: 2021 | J10: 0
I11: 2022 | J11: 0
I12: 2023 | J12: 0
I13: 2024 | J13: 0
I14: 2025 | J14: 0
I15: 2026 | J15: 0
I18: Data for table 3
I22: Year (y) | J22: Biochar Type (t) | K22: Application Type (k) | L22: Production Facility (p) | M22: Mt,k,p,y
I23: 2020 | J23: Bamboo Pruning | K23: Soil | L23: PF1 | M23: 200
I24: 2021 | J24: Bamboo Pruning | K24: Soil | L24: PF1 | M24: 201
I25: 2022 | J25: Bamboo Pruning | K25: Soil | L25: PF1 | M25: 202
I26: 2023 | J26: Bamboo Pruning | K26: Soil | L26: PF1 | M26: 203
I27: 2024 | J27: Bamboo Pruning | K27: Soil | L27: PF1 | M27: 204
I28: 2025 | J28: Bamboo Pruning | K28: Soil | L28: PF1 | M28: 205
I29: 2026 | J29: Bamboo Pruning | K29: Soil | L29: PF1 | M29: 206
I30: 2020 | J30: Paddy Straw | K30: Soil | L30: PF1 | M30: 207
I31: 2021 | J31: Paddy Straw | K31: Soil | L31: PF1 | M31: 208
I32: 2022 | J32: Paddy Straw | K32: Soil | L32: PF1 | M32: 209
I33: 2023 | J33: Paddy Straw | K33: Soil | L33: PF1 | M33: 210
I34: 2024 | J34: Paddy Straw | K34: Soil | L34: PF1 | M34: 211
... I78: 2026 | J78: Paddy Straw | K78: Non-soil | L78: PF2 | M78: 255
M79: =SUM(M23:M78) -> 12740
I82: Year | J82: Biochar Type (t) | K82: Production Facility (p) | L82: FCp,t,p
I83: 2020 | J83: Bamboo Pruning | K83: PF1 | L83: 0.35
I84: 2021 | J84: Bamboo Pruning | K84: PF1 | L84: 0.36
I85: 2022 | J85: Bamboo Pruning | K85: PF1 | L85: 0.37
I86: 2023 | J86: Bamboo Pruning | K86: PF1 | L86: 0.38
I87: 2024 | J87: Bamboo Pruning | K87: PF1 | L87: 0.39
I88: 2025 | J88: Bamboo Pruning | K88: PF1 | L88: 0.4
I89: 2026 | J89: Bamboo Pruning | K89: PF1 | L89: 0.41
I90: 2020 | J90: Paddy Straw | K90: PF1 | L90: 0.42
I91: 2021 | J91: Paddy Straw | K91: PF1 | L91: 0.43
I92: 2022 | J92: Paddy Straw | K92: PF1 | L92: 0.44
I93: 2023 | J93: Paddy Straw | K93: PF1 | L93: 0.45
I94: 2024 | J94: Paddy Straw | K94: PF1 | L94: 0.46
... I110: 2026 | J110: Paddy Straw | K110: PF2 | L110: 0.62
I114: Application Type (k) | J114: PRde,k
I115: Soil | J115: 0.89
I116: Non-soil | J116: 0.92
I120: Data for table 4
I124: Year (y) | J124: Production Facility (p) | K124: Mp,y
I125: 2020 | J125: PF1 | K125: =SUMIFS($M$23:$M$78,$I$23:$I$78,I125,$L$23:$L$78,J125) -> 842
I126: 2021 | J126: PF1 | K126: =SUMIFS($M$23:$M$78,$I$23:$I$78,I126,$L$23:$L$78,J126) -> 846
I127: 2022 | J127: PF1 | K127: =SUMIFS($M$23:$M$78,$I$23:$I$78,I127,$L$23:$L$78,J127) -> 850
I128: 2023 | J128: PF1 | K128: =SUMIFS($M$23:$M$78,$I$23:$I$78,I128,$L$23:$L$78,J128) -> 854
I129: 2024 | J129: PF1 | K129: =SUMIFS($M$23:$M$78,$I$23:$I$78,I129,$L$23:$L$78,J129) -> 858
I130: 2025 | J130: PF1 | K130: =SUMIFS($M$23:$M$78,$I$23:$I$78,I130,$L$23:$L$78,J130) -> 862
I131: 2026 | J131: PF1 | K131: =SUMIFS($M$23:$M$78,$I$23:$I$78,I131,$L$23:$L$78,J131) -> 866
I132: 2020 | J132: PF2 | K132: =SUMIFS($M$23:$M$78,$I$23:$I$78,I132,$L$23:$L$78,J132) -> 954
I133: 2021 | J133: PF2 | K133: =SUMIFS($M$23:$M$78,$I$23:$I$78,I133,$L$23:$L$78,J133) -> 958
I134: 2022 | J134: PF2 | K134: =SUMIFS($M$23:$M$78,$I$23:$I$78,I134,$L$23:$L$78,J134) -> 962
I135: 2023 | J135: PF2 | K135: =SUMIFS($M$23:$M$78,$I$23:$I$78,I135,$L$23:$L$78,J135) -> 966
I136: 2024 | J136: PF2 | K136: =SUMIFS($M$23:$M$78,$I$23:$I$78,I136,$L$23:$L$78,J136) -> 970
... I138: 2026 | J138: PF2 | K138: =SUMIFS($M$23:$M$78,$I$23:$I$78,I138,$L$23:$L$78,J138) -> 978
K139: =SUM(K125:K138) -> 12740
I146: Data for table 6
J148: PEPpy value is zero by default, do not ask this parameter from user, instead assume this to be zero as per section 8.2.2.1. of VM0044 v1.2
I149: Year | J149: PEP,p,y
I150: 2020 | J150: 0
I151: 2021 | J151: 0
I152: 2022 | J152: 0
I153: 2023 | J153: 0
I154: 2024 | J154: 0
I155: 2025 | J155: 0
I156: 2026 | J156: 0
I162: Data for table 7
I170: Data for table 9
I177: Data for table 10
L180: Eap,k,y value is zero by default, do not ask this parameter from user, instead assume this to be zero as per section 8.2.3. of VM0044 v1.2
I181: Year | J181: Application Type (k) | K181: Biochar Type (t) | L181: Eap,t,k,y
I182: 2020 | J182: Soil | K182: Paddy Straw | L182: 0
I183: 2021 | J183: Soil | K183: Paddy Straw | L183: 0
I184: 2022 | J184: Soil | K184: Paddy Straw | L184: 0
I185: 2023 | J185: Soil | K185: Paddy Straw | L185: 0
I186: 2024 | J186: Soil | K186: Paddy Straw | L186: 0
I187: 2025 | J187: Soil | K187: Paddy Straw | L187: 0
I188: 2026 | J188: Soil | K188: Paddy Straw | L188: 0
I189: 2020 | J189: Non-soil | K189: Paddy Straw | L189: 0
I190: 2021 | J190: Non-soil | K190: Paddy Straw | L190: 0
I191: 2022 | J191: Non-soil | K191: Paddy Straw | L191: 0
I192: 2023 | J192: Non-soil | K192: Paddy Straw | L192: 0
I193: 2024 | J193: Non-soil | K193: Paddy Straw | L193: 0
... I209: 2026 | J209: Non-soil | K209: Bamboo Pruning | L209: 0
I219: Data for table 11
I223: Year (y) | J223: LEas,y | K223: LEbd,y | L223: LEts,y | M223: LEtap,y
I224: 2020 | J224: 5 | K224: 3 | L224: 0 | M224: 1.3210125
I225: 2021 | J225: 2.0314 | K225: 4 | L225: 100.2325 | M225: 4
I226: 2022 | J226: 6 | K226: 5.0324 | L226: 2 | M226: 5
I227: 2023 | J227: 6.3214 | K227: 6 | L227: 3 | M227: 3
I228: 2024 | J228: 2 | K228: 1 | L228: 1 | M228: 5
I229: 2025 | J229: 0.21354 | K229: 3 | L229: 0 | M229: 2.32145
I230: 2026 | J230: 4 | K230: 1.0254 | L230: 1 | M230: 4
I234: Data for table 12
J237: PESSy value is zero by default, do not ask this parameter from user, instead assume this to be zero as per section 8.2.1. of VM0044 v1.2
I238: Year | J238: PESS,y
I239: 2020 | J239: 0
...

Sheet Sheet1
